Workbook
Name Tabel_SUSUT_CABE: 'CABE PER RESEP'!$A$159:$AG$172
Name TanggalMulai: _PERIODE!$C$5

Sheet DATA BASE pastikan sesuai riil
A1: NAMA BARANG | B1: KODE BARANG | C1: ITEM STOCK OPNAME | D1: SATUAN | E1: Konversi | F1: SATUAN 2 | G1: INPUT SO HARIAN | H1: INPUT BARANG MASUK/KELUAR | I1: LINK | J1: Helper | K1: KATEGORI | L1: STATUS | M1: BOM [Promix 00 & 04] | N1: Cancel Nota [Waste CN Dine In & TA] | O1: Trial Porsi [Trial Porsi] | P1: Waste Handling [Waste Handling]
A2: ADONAN GORENG MEKAR | C2: Adonan Goreng Mekar (karton) | D2: karton | E2: 15000 | F2: gr | G2: YA | H2: YA | K2: COM DEVIASI - RESTO | L2: DEVIASI | M2: TRUE | N2: TRUE | O2: TRUE | P2: TRUE
A3: ADONAN GORENG MEKAR | C3: Adonan Goreng Mekar (pack) | D3: pack | E3: 1000 | F3: gr | G3: YA | H3: YA | K3: COM DEVIASI - RESTO | L3: DEVIASI | M3: TRUE | N3: TRUE | O3: TRUE | P3: TRUE
A4: ADONAN GORENG MEKAR | C4: Adonan Goreng Mekar (gr) | D4: gr | E4: 1 | F4: gr | G4: YA | H4: YA | K4: COM DEVIASI - RESTO | L4: DEVIASI | M4: TRUE | N4: TRUE | O4: TRUE | P4: TRUE
A5: ADONAN GORENG MEKAR | C5: Adonan Goreng Mekar dari Goreng Mekar | D5: gr | E5: 17 | F5: gr | G5: TIDAK | H5: TIDAK | I5: Sisa Goreng Mekar (Pcs) | J5: HIDE | K5: COM DEVIASI - RESTO | L5: DEVIASI | M5: TRUE | N5: TRUE | O5: TRUE | P5: TRUE
A6: ADONAN GORENG MEKAR | B6: 100434 | C6: ADONAN GORENG MEKAR | D6: GR | G6: YA | H6: YA | K6: COM DEVIASI - RESTO | L6: DEVIASI | M6: TRUE | N6: TRUE | O6: TRUE | P6: TRUE
A7: AIR MINERAL BOTOL (V.20) | C7: stok air mineral kardus utuh (karton) | D7: karton | E7: 24 | F7: botol | G7: YA | H7: YA | K7: COM DEVIASI - RESTO | L7: DEVIASI | M7: TRUE | N7: TRUE | O7: TRUE | P7: TRUE
A8: AIR MINERAL BOTOL (V.20) | C8: sisa air mineral botol (botol) | D8: botol | E8: 1 | F8: botol | G8: YA | H8: YA | K8: COM DEVIASI - RESTO | L8: DEVIASI | M8: TRUE | N8: TRUE | O8: TRUE | P8: TRUE
A9: AIR MINERAL BOTOL (V.20) | B9: 100210 | C9: AIR MINERAL BOTOL (V.20) | D9: BOTOL | G9: YA | H9: YA | K9: COM DEVIASI - RESTO | L9: DEVIASI | M9: TRUE | N9: TRUE | O9: TRUE | P9: TRUE
A10: ARANG BAKARAN | C10: Arang Bakaran (karton) | D10: karton | E10: 10000 | F10: gr | G10: YA | H10: YA | K10: COM CONSUME - RESTO | L10: USAGE | M10: N/A | N10: N/A | O10: N/A | P10: N/A
A11: ARANG BAKARAN | C11: Arang Bakaran (gr) | D11: gr | E11: 1 | F11: gr | G11: YA | H11: YA | K11: COM CONSUME - RESTO | L11: USAGE | M11: N/A | N11: N/A | O11: N/A | P11: N/A
A12: ARANG BAKARAN | B12: 100351 | C12: ARANG BAKARAN | D12: GR | G12: YA | H12: YA | K12: COM CONSUME - RESTO | L12: USAGE | M12: N/A | N12: N/A | O12: N/A | P12: N/A
A13: AYAM KECAP | C13: Ayam Kecap (karton) | D13: karton | E13: 12000 | F13: gr | G13: YA | H13: YA | K13: COM DEVIASI - RESTO | L13: DEVIASI | M13: N/A | N13: N/A | O13: N/A | P13: N/A
A14: AYAM KECAP | C14: Ayam Kecap (pack) | D14: pack | E14: 1000 | F14: gr | G14: YA | H14: YA | K14: COM DEVIASI - RESTO | L14: DEVIASI | M14: N/A | N14: N/A | O14: N/A | P14: N/A
A15: AYAM KECAP | C15: Ayam Kecap (gr) | D15: gr | E15: 1 | F15: gr | G15: YA | H15: YA | K15: COM DEVIASI - RESTO | L15: DEVIASI | M15: N/A | N15: N/A | O15: N/A | P15: N/A
A16: AYAM KECAP | B16: 100386 | C16: AYAM KECAP | D16: GR | G16: YA | H16: YA | K16: COM DEVIASI - RESTO | L16: DEVIASI | M16: N/A | N16: N/A | O16: N/A | P16: N/A
A17: BAKSO HALUS | C17: Bakso Halus (karton) | D17: karton | E17: 480 | F17: pcs | G17: YA | H17: YA | K17: COM DEVIASI - RESTO | L17: DEVIASI | M17: TRUE | N17: TRUE | O17: TRUE | P17: TRUE
A18: BAKSO HALUS | C18: Bakso Halus (pack) | D18: pack | E18: 40 | F18: pcs | G18: YA | H18: YA | K18: COM DEVIASI - RESTO | L18: DEVIASI | M18: TRUE | N18: TRUE | O18: TRUE | P18: TRUE
A19: BAKSO HALUS | C19: Bakso Halus (Pcs) | D19: pcs | E19: 1 | F19: pcs | G19: YA | H19: YA | K19: COM DEVIASI - RESTO | L19: DEVIASI | M19: TRUE | N19: TRUE | O19: TRUE | P19: TRUE
A20: BAKSO HALUS | B20: 100389 | C20: BAKSO HALUS | D20: PCS | G20: YA | H20: YA | K20: COM DEVIASI - RESTO | L20: DEVIASI | M20: TRUE | N20: TRUE | O20: TRUE | P20: TRUE
A21: BAKSO URAT | C21: Bakso Urat (karton) | D21: karton | E21: 480 | F21: pcs | G21: YA | H21: YA | K21: COM DEVIASI - RESTO | L21: DEVIASI | M21: TRUE | N21: TRUE | O21: TRUE | P21: TRUE
A22: BAKSO URAT | C22: Bakso Urat (pack) | D22: pack | E22: 40 | F22: pcs | G22: YA | H22: YA | K22: COM DEVIASI - RESTO | L22: DEVIASI | M22: TRUE | N22: TRUE | O22: TRUE | P22: TRUE
A23: BAKSO URAT | C23: Bakso Urat (pcs) | D23: pcs | E23: 1 | F23: pcs | G23: YA | H23: YA | K23: COM DEVIASI - RESTO | L23: DEVIASI | M23: TRUE | N23: TRUE | O23: TRUE | P23: TRUE
A24: BAKSO URAT | B24: 100388 | C24: BAKSO URAT | D24: PCS | G24: YA | H24: YA | K24: COM DEVIASI - RESTO | L24: DEVIASI | M24: TRUE | N24: TRUE | O24: TRUE | P24: TRUE
A25: BASIC POWDER | C25: Basic Powder (pack) | D25: pack | E25: 1000 | F25: gr | G25: YA | H25: YA | K25: COM DEVIASI - RESTO | L25: DEVIASI | M25: N/A | N25: N/A | O25: N/A | P25: N/A
A26: BASIC POWDER | C26: Basic Powder (gr) | D26: gr | E26: 1 | F26: gr | G26: YA | H26: YA | K26: COM DEVIASI - RESTO | L26: DEVIASI | M26: N/A | N26: N/A | O26: N/A | P26: N/A
A27: BASIC POWDER | B27: 100406 | C27: BASIC POWDER | D27: GR | G27: YA | H27: YA | K27: COM DEVIASI - RESTO | L27: DEVIASI | M27: N/A | N27: N/A | O27: N/A | P27: N/A
A28: BASRENG | C28: Basreng (karton) | D28: karton | E28: 150 | F28: pcs | G28: YA | H28: YA | K28: COM DEVIASI - RESTO | L28: DEVIASI | M28: TRUE | N28: TRUE | O28: TRUE | P28: TRUE
A29: BASRENG | C29: Basreng (pack) | D29: pack | E29: 15 | F29: pcs | G29: YA | H29: YA | K29: COM DEVIASI - RESTO | L29: DEVIASI | M29: TRUE | N29: TRUE | O29: TRUE | P29: TRUE
A30: BASRENG | C30: Basreng (pcs) | D30: pack | E30: 1 | F30: pcs | G30: YA | H30: YA | K30: COM DEVIASI - RESTO | L30: DEVIASI | M30: TRUE | N30: TRUE | O30: TRUE | P30: TRUE
A31: BASRENG | B31: 100390 | C31: BASRENG | D31: PCS | G31: YA | H31: YA | K31: COM DEVIASI - RESTO | L31: DEVIASI | M31: TRUE | N31: TRUE | O31: TRUE | P31: TRUE
A32: BAWANG MERAH GORENG | C32: Bawang Merah Goreng (karton) | D32: karton | E32: 7500 | F32: gr | G32: YA | H32: YA | K32: COM DEVIASI - RESTO | L32: DEVIASI | M32: TRUE | N32: TRUE | O32: TRUE | P32: TRUE
A33: BAWANG MERAH GORENG | C33: Bawang Merah Goreng (pack) | D33: pack | E33: 500 | F33: gr | G33: YA | H33: YA | K33: COM DEVIASI - RESTO | L33: DEVIASI | M33: TRUE | N33: TRUE | O33: TRUE | P33: TRUE
A34: BAWANG MERAH GORENG | C34: Bawang Merah Goreng (gr) | D34: gr | E34: 1 | F34: gr | G34: YA | H34: YA | K34: COM DEVIASI - RESTO | L34: DEVIASI | M34: TRUE | N34: TRUE | O34: TRUE | P34: TRUE
A35: BAWANG MERAH GORENG | C35: Bawang Merah Goreng dari Sambel Bakso (gr) | D35: gr | E35: =12/3453 -> 0.0034752389 | F35: gr | G35: YA | H35: TIDAK | I35: Kuah Bakso dari sambal bakso (gr) | J35: HIDE | K35: COM DEVIASI - RESTO | L35: DEVIASI | M35: TRUE | N35: TRUE | O35: TRUE | P35: TRUE
A36: BAWANG MERAH GORENG | C36: Bawang Merah Goreng dari Kuah Bakso (gr) | D36: gr | E36: =200/380664 -> 0.00052539773 | F36: gr | G36: TIDAK | H36: TIDAK | I36: Kuah Bakso (gr) | J36: HIDE | K36: COM DEVIASI - RESTO | L36: DEVIASI | M36: TRUE | N36: TRUE | O36: TRUE | P36: TRUE
A37: BAWANG MERAH GORENG | B37: 100340 | C37: BAWANG MERAH GORENG | D37: GR | G37: YA | H37: YA | K37: COM DEVIASI - RESTO | L37: DEVIASI | M37: TRUE | N37: TRUE | O37: TRUE | P37: TRUE
A38: BAWANG PUTIH GORENG (V.20) | C38: Bawang Putih Goreng (karton) | D38: karton | E38: 7500 | F38: gr | G38: YA | H38: YA | K38: COM DEVIASI - RESTO | L38: DEVIASI | M38: TRUE | N38: TRUE | O38: TRUE | P38: TRUE
A39: BAWANG PUTIH GORENG (V.20) | C39: Bawang Putih Goreng (pack) | D39: pack | E39: 500 | F39: gr | G39: YA | H39: YA | K39: COM DEVIASI - RESTO | L39: DEVIASI | M39: TRUE | N39: TRUE | O39: TRUE | P39: TRUE
A40: BAWANG PUTIH GORENG (V.20) | C40: Bawang Putih Goreng (gr) | D40: gr | E40: 1 | F40: gr | G40: YA | H40: YA | K40: COM DEVIASI - RESTO | L40: DEVIASI | M40: TRUE | N40: TRUE | O40: TRUE | P40: TRUE
A41: BAWANG PUTIH GORENG (V.20) | C41: Bawang Putih Goreng dari Sambel Bakso (gr) | D41: gr | E41: =6/3453 -> 0.0017376195 | F41: gr | G41: YA | H41: TIDAK | I41: Kuah Bakso dari sambal bakso (gr) | J41: HIDE | K41: COM DEVIASI - RESTO | L41: DEVIASI | M41: TRUE | N41: TRUE | O41: TRUE | P41: TRUE
A42: BAWANG PUTIH GORENG (V.20) | C42: Bawang Putih Goreng dari Kuah Bakso (gr) | D42: gr | E42: =100/380664 -> 0.00026269886 | F42: gr | G42: TIDAK | H42: TIDAK | I42: Kuah Bakso (gr) | J42: HIDE | K42: COM DEVIASI - RESTO | L42: DEVIASI | M42: TRUE | N42: TRUE | O42: TRUE | P42: TRUE
A43: BAWANG PUTIH GORENG (V.20) | B43: 100430 | C43: BAWANG PUTIH GORENG (V.20) | D43: GR | G43: YA | H43: YA | K43: COM DEVIASI - RESTO | L43: DEVIASI | M43: TRUE | N43: TRUE | O43: TRUE | P43: TRUE
A44: BERAS PUTIH | C44: Beras Putih (Karung) | D44: karung | E44: 25000 | F44: gr | G44: YA | H44: YA | K44: COM DEVIASI - RESTO | L44: DEVIASI | M44: TRUE | N44: TRUE | O44: TRUE | P44: TRUE
A45: BERAS PUTIH | C45: Beras Putih (gr) | D45: gr | E45: 1 | F45: gr | G45: YA | H45: YA | K45: COM DEVIASI - RESTO | L45: DEVIASI | M45: TRUE | N45: TRUE | O45: TRUE | P45: TRUE
A46: BERAS PUTIH | C46: Sisa Nasi dalam Paper Wrap | D46: pcs | E46: =70/150 -> 0.46666667 | F46: gr | G46: YA | H46: TIDAK | K46: COM DEVIASI - RESTO | L46: DEVIASI | M46: TRUE | N46: TRUE | O46: TRUE | P46: TRUE
A47: BERAS PUTIH | C47: Sisa Nasi dalam Tray | D47: pcs | E47: =70/150 -> 0.46666667 | F47: gr | G47: YA | H47: TIDAK | K47: COM DEVIASI - RESTO | L47: DEVIASI | M47: TRUE | N47: TRUE | O47: TRUE | P47: TRUE
A48: BERAS PUTIH | B48: 100369 | C48: BERAS PUTIH | D48: GR | G48: YA | H48: YA | K48: COM DEVIASI - RESTO | L48: DEVIASI | M48: TRUE | N48: TRUE | O48: TRUE | P48: TRUE
A49: BIANG KERING KUAH | C49: Biang Kering Kuah (karton) | D49: karton | F49: gr | G49: TIDAK | H49: TIDAK | K49: COM DEVIASI - RESTO | L49: DEVIASI | M49: TRUE | N49: TRUE | O49: TRUE | P49: TRUE
A50: BIANG KERING KUAH | C50: Biang Kering Kuah (pack) | D50: pack | E50: 810 | F50: gr | G50: YA | H50: YA | K50: COM DEVIASI - RESTO | L50: DEVIASI | M50: TRUE | N50: TRUE | O50: TRUE | P50: TRUE
A51: BIANG KERING KUAH | C51: Biang Kering Kuah (gr) | D51: gr | E51: 1 | F51: gr | G51: YA | H51: YA | K51: COM DEVIASI - RESTO | L51: DEVIASI | M51: TRUE | N51: TRUE | O51: TRUE | P51: TRUE
A52: BIANG KERING KUAH | C52: Biang Kering Kuah dari Sambel Bakso (gr) | D52: gr | E52: =50/3453 -> 0.014480162 | F52: gr | G52: YA | H52: TIDAK | I52: Kuah Bakso dari sambal bakso (gr) | J52: HIDE | K52: COM DEVIASI - RESTO | L52: DEVIASI | M52: TRUE | N52: TRUE | O52: TRUE | P52: TRUE
A53: BIANG KERING KUAH | C53: Biang Kering Kuah dari Kuah Bakso (gr) | D53: gr | E53: =810.4/380664 -> 0.0021289116 | F53: gr | G53: TIDAK | H53: TIDAK | I53: Kuah Bakso (gr) | J53: HIDE | K53: COM DEVIASI - RESTO | L53: DEVIASI | M53: TRUE | N53: TRUE | O53: TRUE | P53: TRUE
A54: BIANG KERING KUAH | B54: 100381 | C54: BIANG KERING KUAH | D54: GR | G54: YA | H54: YA | K54: COM DEVIASI - RESTO | L54: DEVIASI | M54: TRUE | N54: TRUE | O54: TRUE | P54: TRUE
A55: BIANG TEH (TEH NAGA DAN TEH GOPEK) | B55: 0 | C55: BIANG TEH (TEH NAGA DAN TEH GOPEK) | D55: GR | G55: TIDAK | H55: TIDAK | K55: MENU MIX | L55: MENU MIX | M55: FALSE | N55: FALSE | O55: FALSE | P55: FALSE
A56: BLUEBERRY SAUCE | C56: Blueberry Sauce (karton) | D56: karton | E56: 7740 | F56: gr | G56: YA | H56: YA | K56: COM DEVIASI - RESTO | L56: DEVIASI | M56: TRUE | N56: TRUE | O56: TRUE | P56: TRUE
A57: BLUEBERRY SAUCE | C57: Blueberry Sauce (pack) | D57: pack | E57: 1290 | F57: gr | G57: YA | H57: YA | K57: COM DEVIASI - RESTO | L57: DEVIASI | M57: TRUE | N57: TRUE | O57: TRUE | P57: TRUE
A58: BLUEBERRY SAUCE | C58: Blueberry Sauce (gr) | D58: gr | E58: 1 | F58: gr | G58: YA | H58: YA | K58: COM DEVIASI - RESTO | L58: DEVIASI | M58: TRUE | N58: TRUE | O58: TRUE | P58: TRUE
A59: BLUEBERRY SAUCE | B59: 100423 | C59: BLUEBERRY SAUCE | D59: GR | G59: YA | H59: YA | K59: COM DEVIASI - RESTO | L59: DEVIASI | M59: TRUE | N59: TRUE | O59: TRUE | P59: TRUE
A60: BUBBLEGUM CRUMBLE | C60: Bubblegum Crumble (karton) | D60: karton | E60: 6000 | F60: gr | G60: YA | H60: YA | K60: COM DEVIASI - RESTO | L60: DEVIASI | M60: TRUE | N60: TRUE | O60: TRUE | P60: TRUE
A61: BUBBLEGUM CRUMBLE | C61: Bubblegum Crumble (pack) | D61: pack | E61: 250 | F61: gr | G61: YA | H61: YA | K61: COM DEVIASI - RESTO | L61: DEVIASI | M61: TRUE | N61: TRUE | O61: TRUE | P61: TRUE
A62: BUBBLEGUM CRUMBLE | C62: Bubblegum Crumble (gr) | D62: gr | E62: 1 | F62: gr | G62: YA | H62: YA | K62: COM DEVIASI - RESTO | L62: DEVIASI | M62: TRUE | N62: TRUE | O62: TRUE | P62: TRUE
A63: BUBBLEGUM CRUMBLE | B63: 100422 | C63: BUBBLEGUM CRUMBLE | D63: GR | G63: YA | H63: YA | K63: COM DEVIASI - RESTO | L63: DEVIASI | M63: TRUE | N63: TRUE | O63: TRUE | P63: TRUE
A64: BUBBLEGUM SAUCE | C64: Bubblegum Sauce (karton) | D64: karton | E64: 12000 | F64: gr | G64: YA | H64: YA | K64: COM DEVIASI - RESTO | L64: DEVIASI | M64: TRUE | N64: TRUE | O64: TRUE | P64: TRUE
A65: BUBBLEGUM SAUCE | C65: Bubblegum Sauce (pack) | D65: pack | E65: 100 | F65: gr | G65: YA | H65: YA | K65: COM DEVIASI - RESTO | L65: DEVIASI | M65: TRUE | N65: TRUE | O65: TRUE | P65: TRUE
A66: BUBBLEGUM SAUCE | C66: Bubblegum Sauce (gr) | D66: gr | E66: 1 | F66: gr | G66: YA | H66: YA | K66: COM DEVIASI - RESTO | L66: DEVIASI | M66: TRUE | N66: TRUE | O66: TRUE | P66: TRUE
A67: BUBBLEGUM SAUCE | B67: 100421 | C67: BUBBLEGUM SAUCE | D67: GR | G67: YA | H67: YA | K67: COM DEVIASI - RESTO | L67: DEVIASI | M67: TRUE | N67: TRUE | O67: TRUE | P67: TRUE
A68: BUMBU BAKSO BAKAR (V.20) | C68: Bumbu Bakso Bakar (karton) | D68: karton | E68: 21000 | F68: gr | G68: YA | H68: YA | K68: COM DEVIASI - RESTO | L68: DEVIASI | M68: TRUE | N68: TRUE | O68: TRUE | P68: TRUE
A69: BUMBU BAKSO BAKAR (V.20) | C69: Bumbu Bakso Bakar (pack) | D69: pack | E69: 1500 | F69: gr | G69: YA | H69: YA | K69: COM DEVIASI - RESTO | L69: DEVIASI | M69: TRUE | N69: TRUE | O69: TRUE | P69: TRUE
A70: BUMBU BAKSO BAKAR (V.20) | C70: Bumbu Bakso Bakar (gr) | D70: gr | E70: 1000 | F70: gr | G70: YA | H70: YA | K70: COM DEVIASI - RESTO | L70: DEVIASI | M70: TRUE | N70: TRUE | O70: TRUE | P70: TRUE
A71: BUMBU BAKSO BAKAR (V.20) | C71: Sisa Bumbu Bakso Bakar (gr) | D71: gr | E71: =E69/(2500+1500) -> 0.375 | F71: gr | G71: YA | H71: TIDAK | K71: COM DEVIASI - RESTO | L71: DEVIASI | M71: TRUE | N71: TRUE | O71: TRUE | P71: TRUE
A72: BUMBU BAKSO BAKAR (V.20) | C72: Sisa Bumbu Bakso Bakar Cabe Lv 2 (gr) | D72: gr | E72: =96/100 -> 0.96 | F72: gr | G72: YA | H72: TIDAK | K72: COM DEVIASI - RESTO | L72: DEVIASI | M72: TRUE | N72: TRUE | O72: TRUE | P72: TRUE
A73: BUMBU BAKSO BAKAR (V.20) | C73: Sisa Bumbu Bakso Bakar Cabe Lv 4 (gr) | D73: gr | E73: =92/100 -> 0.92 | F73: gr | G73: YA | H73: TIDAK | K73: COM DEVIASI - RESTO | L73: DEVIASI | M73: TRUE | N73: TRUE | O73: TRUE | P73: TRUE
A74: BUMBU BAKSO BAKAR (V.20) | C74: Sisa Bumbu Bakso Bakar Cabe Lv 6 (gr) | D74: gr | E74: =80/100 -> 0.8 | F74: gr | G74: YA | H74: TIDAK | K74: COM DEVIASI - RESTO | L74: DEVIASI | M74: TRUE | N74: TRUE | O74: TRUE | P74: TRUE
A75: BUMBU BAKSO BAKAR (V.20) | B75: 100431 | C75: BUMBU BAKSO BAKAR (V.20) | D75: GR | G75: YA | H75: YA | K75: COM DEVIASI - RESTO | L75: DEVIASI | M75: TRUE | N75: TRUE | O75: TRUE | P75: TRUE
A76: BUMBU PASTA KUAH (V.20) | C76: Bumbu Pasta Kuah (karton) | D76: karton | E76: 14000 | F76: gr | G76: YA | H76: YA | K76: COM DEVIASI - RESTO | L76: DEVIASI | M76: TRUE | N76: TRUE | O76: TRUE | P76: TRUE
A77: BUMBU PASTA KUAH (V.20) | C77: Bumbu Pasta Kuah (pack) | D77: pack | E77: 1000 | F77: gr | G77: YA | H77: YA | K77: COM DEVIASI - RESTO | L77: DEVIASI | M77: TRUE | N77: TRUE | O77: TRUE | P77: TRUE
A78: BUMBU PASTA KUAH (V.20) | C78: Bumbu Pasta Kuah (gr) | D78: gr | E78: 1 | F78: gr | G78: YA | H78: YA | K78: COM DEVIASI - RESTO | L78: DEVIASI | M78: TRUE | N78: TRUE | O78: TRUE | P78: TRUE
A79: BUMBU PASTA KUAH (V.20) | C79: Bumbu Pasta Kuah dari Sambel Bakso (gr) | D79: gr | E79: =59/3453 -> 0.017086591 | F79: gr | G79: YA | H79: TIDAK | I79: Kuah Bakso dari sambal bakso (gr) | J79: HIDE | K79: COM DEVIASI - RESTO | L79: DEVIASI | M79: TRUE | N79: TRUE | O79: TRUE | P79: TRUE
A80: BUMBU PASTA KUAH (V.20) | C80: Bumbu Pasta Kuah dari Kuah Bakso (gr) | D80: gr | E80: =956/380664 -> 0.0025114011 | F80: gr | G80: TIDAK | H80: TIDAK | I80: Kuah Bakso (gr) | J80: HIDE | K80: COM DEVIASI - RESTO | L80: DEVIASI | M80: TRUE | N80: TRUE | O80: TRUE | P80: TRUE
A81: BUMBU PASTA KUAH (V.20) | B81: 100429 | C81: BUMBU PASTA KUAH (V.20) | D81: GR | G81: YA | H81: YA | K81: COM DEVIASI - RESTO | L81: DEVIASI | M81: TRUE | N81: TRUE | O81: TRUE | P81: TRUE
A82: CABE RAWIT - RESTO (V.20) | C82: Sisa Cabe Utuh (gr) | D82: gr | E82: 1 | F82: gr | G82: YA | H82: YA | K82: COM DEVIASI - RESTO | L82: DEVIASI | M82: TRUE | N82: TRUE | O82: TRUE | P82: TRUE
A83: CABE RAWIT - RESTO (V.20) | C83: Cabe Giling (gr) | D83: gr | E83: 1 | F83: gr | G83: YA | H83: TIDAK | K83: COM DEVIASI - RESTO | L83: DEVIASI | M83: TRUE | N83: TRUE | O83: TRUE | P83: TRUE
A84: CABE RAWIT - RESTO (V.20) | C84: Cabe Giling dari Kuah Bakso (gr) | D84: gr | E84: =1100/3453 -> 0.31856357 | F84: gr | G84: YA | H84: TIDAK | I84: Kuah Bakso dari sambal bakso (gr) | J84: HIDE | K84: COM DEVIASI - RESTO | L84: DEVIASI | M84: TRUE | N84: TRUE | O84: TRUE | P84: TRUE
A85: CABE RAWIT - RESTO (V.20) | C85: Sisa Cabe di Bumbu Bakar Lv 2 (gr) | D85: gr | E85: =4/100 -> 0.04 | F85: gr | G85: YA | H85: TIDAK | I85: Sisa Bumbu Bakso Bakar Cabe Lv 2 (gr) | J85: HIDE | K85: COM DEVIASI - RESTO | L85: DEVIASI | M85: TRUE | N85: TRUE | O85: TRUE | P85: TRUE
A86: CABE RAWIT - RESTO (V.20) | C86: Sisa Cabe di Bumbu Bakar Lv 4 (gr) | D86: gr | E86: =8/100 -> 0.08 | F86: gr | G86: YA | H86: TIDAK | I86: Sisa Bumbu Bakso Bakar Cabe Lv 4 (gr) | J86: HIDE | K86: COM DEVIASI - RESTO | L86: DEVIASI | M86: TRUE | N86: TRUE | O86: TRUE | P86: TRUE
A87: CABE RAWIT - RESTO (V.20) | C87: Sisa Cabe di Bumbu Bakar Lv 6 (gr) | D87: gr | E87: =20/100 -> 0.2 | F87: gr | G87: YA | H87: TIDAK | I87: Sisa Bumbu Bakso Bakar Cabe Lv 6 (gr) | J87: HIDE | K87: COM DEVIASI - RESTO | L87: DEVIASI | M87: TRUE | N87: TRUE | O87: TRUE | P87: TRUE
A88: CABE RAWIT - RESTO (V.20) | B88: 100219 | C88: CABE RAWIT - RESTO (V.20) | D88: GR | G88: YA | H88: YA | K88: COM DEVIASI - RESTO | L88: DEVIASI | M88: TRUE | N88: TRUE | O88: TRUE | P88: TRUE
A89: CARAMEL CRUMB | C89: Caramel Crumb utuh (karton) | D89: karton | E89: 1800 | F89: gr | G89: YA | H89: YA | K89: COM DEVIASI - RESTO | L89: DEVIASI | M89: TRUE | N89: TRUE | O89: TRUE | P89: TRUE
A90: CARAMEL CRUMB | C90: Caramel Crumb utuh (botol) | D90: botol | E90: 60 | F90: gr | G90: YA | H90: YA | K90: COM DEVIASI - RESTO | L90: DEVIASI | M90: TRUE | N90: TRUE | O90: TRUE | P90: TRUE
A91: CARAMEL CRUMB | C91: Sisa caramel crumb (gr) | D91: gr | E91: 1 | F91: gr | G91: YA | H91: YA | K91: COM DEVIASI - RESTO | L91: DEVIASI | M91: TRUE | N91: TRUE | O91: TRUE | P91: TRUE
A92: CARAMEL CRUMB | B92: 100313 | C92: CARAMEL CRUMB | D92: GR | G92: YA | H92: YA | K92: COM DEVIASI - RESTO | L92: DEVIASI | M92: TRUE | N92: TRUE | O92: TRUE | P92: TRUE
A93: CARAMEL SAUCE | C93: Caramel Sauce utuh (karton) | D93: karton | E93: 6000 | F93: gr | G93: YA | H93: YA | K93: COM DEVIASI - RESTO | L93: DEVIASI | M93: TRUE | N93: TRUE | O93: TRUE | P93: TRUE
A94: CARAMEL SAUCE | C94: Caramel Sauce utuh (botol) | D94: botol | E94: 1000 | F94: gr | G94: YA | H94: YA | K94: COM DEVIASI - RESTO | L94: DEVIASI | M94: TRUE | N94: TRUE | O94: TRUE | P94: TRUE
A95: CARAMEL SAUCE | C95: sisa Caramel Sauce (gr) | D95: gr | E95: 0.75142771 | F95: gr | G95: YA | H95: YA | K95: COM DEVIASI - RESTO | L95: DEVIASI | M95: TRUE | N95: TRUE | O95: TRUE | P95: TRUE
A96: CARAMEL SAUCE | B96: 100316 | C96: CARAMEL SAUCE | D96: ML | G96: YA | H96: YA | K96: COM DEVIASI - RESTO | L96: DEVIASI | M96: TRUE | N96: TRUE | O96: TRUE | P96: TRUE
A97: CHEESECAKE BISKUIT | C97: Cheesecake Biskuit (karton) | D97: karton | E97: 4200 | F97: gr | G97: YA | H97: YA | K97: COM DEVIASI - RESTO | L97: DEVIASI | M97: TRUE | N97: TRUE | O97: TRUE | P97: TRUE
A98: CHEESECAKE BISKUIT | C98: Cheesecake Biskuit (pack) | D98: pack | E98: 35 | F98: gr | G98: YA | H98: YA | K98: COM DEVIASI - RESTO | L98: DEVIASI | M98: TRUE | N98: TRUE | O98: TRUE | P98: TRUE
A99: CHEESECAKE BISKUIT | C99: Cheesecake Biskuit (gr) | D99: gr | E99: 1 | F99: gr | G99: YA | H99: YA | K99: COM DEVIASI - RESTO | L99: DEVIASI | M99: TRUE | N99: TRUE | O99: TRUE | P99: TRUE
A100: CHEESECAKE BISKUIT | B100: 100424 | C100: CHEESECAKE BISKUIT | D100: GR | G100: YA | H100: YA | K100: COM DEVIASI - RESTO | L100: DEVIASI | M100: TRUE | N100: TRUE | O100: TRUE | P100: TRUE
...

Sheet DBS_BOM
A1: Nama Barang Grup Barang | B1: NAMA BARANG | C1: Kuantitas | D1: Satuan2
A2: BAKSO SUPER HALUS - DINE IN | B2: BAKSO HALUS | C2: 4 | D2: PCS
A3: BAKSO SUPER HALUS - DINE IN | B3: CABE RAWIT - RESTO (V.20) | C3: 3.3 | D3: GR
A4: BAKSO SUPER HALUS - DINE IN | B4: SOHUN | C4: 10 | D4: GR
A5: BAKSO SUPER HALUS - DINE IN | B5: DAUN BAWANG FRESH | C5: 1.25 | D5: GR
A6: BAKSO SUPER HALUS - DINE IN | B6: SAOS TOMAT | C6: 9 | D6: GR
A7: BAKSO SUPER HALUS - DINE IN | B7: KECAP BAKSO | C7: 9 | D7: GR
A8: BAKSO SUPER HALUS - DINE IN | B8: BAWANG MERAH GORENG | C8: 2.25 | D8: GR
A9: BAKSO SUPER HALUS - DINE IN | B9: BUMBU PASTA KUAH (V.20) | C9: 5.7 | D9: GR
A10: BAKSO SUPER HALUS - DINE IN | B10: BAWANG PUTIH GORENG (V.20) | C10: 0.6 | D10: GR
A11: BAKSO SUPER HALUS - DINE IN | B11: BIANG KERING KUAH | C11: 4.83 | D11: GR
A12: BAKSO SUPER HALUS - DINE IN | B12: TAHU BAKSO | C12: 1 | D12: PCS
A13: BAKSO SUPER HALUS - DINE IN | B13: ADONAN GORENG MEKAR | C13: 17 | D13: GR
... A220: GORENG MEKAR 1 PCS | B220: KULIT PANGSIT GORENG MEKAR | C220: 25 | D220: GR

Sheet DBS_TRIALdanSUSUT
A1: Helper | B1: NAMA BARANG | C1: KETERANGAN | D1: SATUAN | E1: KONVERSI | F1: LINK BARANG
B2: ADONAN GORENG MEKAR | D2: GR | E2: 1
A3: Hide | B3: ADONAN GORENG MEKAR | D3: GR | E3: 17 | F3: GORENG MEKAR
B4: AIR MINERAL BOTOL (V.20) | D4: BOTOL | E4: 1
B5: AYAM KECAP | D5: GR | E5: 1
B6: BAKSO HALUS | D6: PCS | E6: 1
B7: BAKSO URAT | D7: PCS | E7: 1
B8: BASIC POWDER | D8: GR | E8: 1
B9: BASRENG | D9: PCS | E9: 1
B10: BAWANG MERAH GORENG | D10: GR | E10: 1
A11: Hide | B11: BAWANG MERAH GORENG | D11: GR | E11: =200/380664 -> 0.00052539773 | F11: KUAH BAKSO
A12: Hide | B12: BAWANG MERAH GORENG | D12: GR | E12: =200/37402*0.5 -> 0.0026736538 | F12: Cabe Giling ada kuah bakso
B13: BAWANG PUTIH GORENG (V.20) | D13: GR | E13: 1
A14: Hide | B14: BAWANG PUTIH GORENG (V.20) | D14: GR | E14: =100/380664 -> 0.00026269886 | F14: KUAH BAKSO
A15: Hide | B15: BAWANG PUTIH GORENG (V.20) | D15: GR | E15: =100/37402*0.5 -> 0.0013368269 | F15: Cabe Giling ada kuah bakso
B16: BERAS PUTIH | C16: Sisa Nasi dalam Paper Wrap | D16: GR | E16: =70/150 -> 0.46666667
B17: BERAS PUTIH | C17: Sisa Nasi dalam Tray | D17: GR | E17: =70/150 -> 0.46666667
B18: BIANG KERING KUAH | D18: GR | E18: 1
A19: Hide | B19: BIANG KERING KUAH | D19: GR | E19: =810.4/380664 -> 0.0021289116 | F19: KUAH BAKSO
A20: Hide | B20: BIANG KERING KUAH | D20: GR | E20: =810.4/37402*0.5 -> 0.010833645 | F20: Cabe Giling ada kuah bakso
B21: BLUEBERRY SAUCE | D21: GR | E21: 1
B22: BUBBLEGUM CRUMBLE | D22: GR | E22: 1
B23: BUBBLEGUM SAUCE | D23: GR | E23: 1
B24: BUMBU BAKSO BAKAR (V.20) | D24: GR | E24: 1
B25: BUMBU BAKSO BAKAR (V.20) | C25: Sisa Bumbu Bakso Bakar Cabe Lv 2 (Gr) | D25: GR | E25: 1
B26: BUMBU BAKSO BAKAR (V.20) | C26: Sisa Bumbu Bakso Bakar Cabe Lv 4 (Gr) | D26: GR | E26: 1
B27: BUMBU BAKSO BAKAR (V.20) | C27: Sisa Bumbu Bakso Bakar Cabe Lv 6 (Gr) | D27: GR | E27: 1
B28: BUMBU PASTA KUAH (V.20) | D28: GR | E28: 1
A29: Hide | B29: BUMBU PASTA KUAH (V.20) | D29: GR | E29: =956/380664 -> 0.0025114011 | F29: KUAH BAKSO
A30: Hide | B30: BUMBU PASTA KUAH (V.20) | D30: GR | E30: =1292/37402*0.5 -> 0.017271804 | F30: Cabe Giling ada kuah bakso
B31: CABE RAWIT - RESTO (V.20) | D31: GR | E31: 1
B32: CABE RAWIT - RESTO (V.20) | C32: Cabe Giling ada kuah bakso | D32: GR | E32: 1
A33: Hide | B33: CABE RAWIT - RESTO (V.20) | D33: GR | E33: =2/100 -> 0.02 | F33: Sisa Bumbu Bakso Bakar Cabe Lv 2 (Gr)
A34: Hide | B34: CABE RAWIT - RESTO (V.20) | D34: GR | E34: =8/100 -> 0.08 | F34: Sisa Bumbu Bakso Bakar Cabe Lv 4 (Gr)
A35: Hide | B35: CABE RAWIT - RESTO (V.20) | D35: GR | E35: =20/100 -> 0.2 | F35: Sisa Bumbu Bakso Bakar Cabe Lv 6 (Gr)
B36: CARAMEL CRUMB | D36: GR | E36: 1
B37: CARAMEL SAUCE | D37: ML | E37: 1
B38: CHEESECAKE BISKUIT | D38: GR | E38: 1
B39: CUP 16 - BAKSO | D39: PCS | E39: 1
B40: CUP SEALER - BAKSO | D40: PCS | E40: 1
B41: CUP SUNDAE - BAKSO | D41: PCS | E41: 1
B42: DAUN BAWANG FRESH | D42: GR | E42: 1
B43: FRUCTOSE SYRUP (V.20) | D43: GR | E43: 1
B44: GORENG MEKAR | C44: GORENG MEKAR | D44: PCS | E44: 1
B45: HAZELNUT CHOCO SAUCE | D45: GR | E45: 1
B46: KECAP BAKSO | D46: GR | E46: 1
B47: KELLOGG’S FROOT LOOPS | D47: GR | E47: 1
B48: KERTAS BAKPAO 10.5 CM (V.20) | D48: PCS | E48: 1
B49: KERTAS MINYAK (V.20) | D49: PACK | E49: 1
B50: KLIP PE 4 X 6 | D50: PCS | E50: 1
B51: KUAH BAKSO | C51: KUAH BAKSO | D51: GR | E51: 1
B52: KULIT PANGSIT GORENG MEKAR | D52: PCS | E52: 1
A53: Hide | B53: KULIT PANGSIT GORENG MEKAR | D53: GR | E53: 25 | F53: GORENG MEKAR
B54: KUNAFA TOPPING | D54: GR | E54: 1
B55: MANGO SAUCE | D55: GR | E55: 1
B56: MIE KERING | D56: PCS | E56: 1
B57: MINYAK GORENG - RESTO (v.20) | D57: GR | E57: 1
B58: MINYAK MIE SHALLOT OIL | D58: GR | E58: 1
B59: ORANGE - NESTLE (V.20) | C59: Biang | D59: GR | E59: 0.095
B60: OREO CRUMB (V.20) | D60: GR | E60: 1
B61: PAPER BOWL | D61: PCS | E61: 1
B62: PAPER BOX - BAKSO | D62: PCS | E62: 1
B63: PAPER TRAY - BAKSO | D63: PCS | E63: 1
B64: PAPERBOWL LID | D64: PCS | E64: 1
B65: PEANUT TOPPING | D65: GR | E65: 1
B66: PISTACHIO SAUCE | D66: GR | E66: 1
B67: PLASTIK HDPE 15 X 30 | D67: PCS | E67: 1
B68: RED VELVET STRAWBERRY FRANZZI | D68: GR | E68: 1
B69: RICE WRAP | D69: LEMBAR | E69: 1
B70: SAOS TOMAT | D70: GR | E70: 1
B71: SEDOTAN HITAM (V.20) | D71: GR | E71: 1
... B81: TEA NAGA (V.20) | D81: GR | E81: 1
B82: TEH RASA LEMON - NESTLE | C82: Biang | D82: GR | E82: 0.15
B83: THAI CHILI SAUCE | D83: GR | E83: 1
B84: UDANG KEJU FROZEN | D84: PCS | E84: 1
B85: VANILLA SOFT MIX ICE MIX (V.20) | C85: Biang | D85: ML | E85: 0.099255583

Sheet DBS_Waste_Bnp
A1: Helper | B1: NAMA BARANG | C1: KETERANGAN | D1: PENYEBAB TERJADINYA WASTE | E1: SATUAN | F1: LINK BARANG | G1: KONVERSI
B2: ADONAN GORENG MEKAR | C2: Over Stock | D2: ADONAN GORENG MEKAR Karena Over Stock | E2: GR | G2: 1
B3: ADONAN GORENG MEKAR | C3: Handling | D3: ADONAN GORENG MEKAR Karena Handling | E3: GR | G3: 1
B4: ADONAN GORENG MEKAR | C4: Kualitas Internal | D4: ADONAN GORENG MEKAR Karena Kualitas Internal | E4: GR | G4: 1
B5: ADONAN GORENG MEKAR | C5: Alat/ Mesin | D5: ADONAN GORENG MEKAR Karena Alat/ Mesin | E5: GR | G5: 1
A6: HIDE | B6: ADONAN GORENG MEKAR | C6: Over Stock | D6: ADONAN GORENG MEKAR Karena Over Stock dari Goreng Mekar | E6: GR | F6: GORENG MEKAR Karena Over Stock | G6: 17
A7: HIDE | B7: ADONAN GORENG MEKAR | C7: Handling | D7: ADONAN GORENG MEKAR Karena Handling dari Goreng Mekar | E7: GR | F7: GORENG MEKAR Karena Handling | G7: 17
A8: HIDE | B8: ADONAN GORENG MEKAR | C8: Kualitas Internal | D8: ADONAN GORENG MEKAR Karena Kualitas Internal dari Goreng Mekar | E8: GR | F8: GORENG MEKAR Karena Kualitas Internal | G8: 17
A9: HIDE | B9: ADONAN GORENG MEKAR | C9: Alat/ Mesin | D9: ADONAN GORENG MEKAR Karena Alat/ Mesin dari Goreng Mekar | E9: GR | F9: GORENG MEKAR Karena Alat/ Mesin | G9: 17
B10: AIR MINERAL BOTOL (V.20) | C10: Over Stock | D10: AIR MINERAL BOTOL (V.20) Karena Over Stock | E10: BOTOL | G10: 1
B11: AIR MINERAL BOTOL (V.20) | C11: Handling | D11: AIR MINERAL BOTOL (V.20) Karena Handling | E11: BOTOL | G11: 1
B12: AIR MINERAL BOTOL (V.20) | C12: Kualitas Eksternal | D12: AIR MINERAL BOTOL (V.20) Karena Kualitas Eksternal | E12: BOTOL | G12: 1
B13: AIR MINERAL BOTOL (V.20) | C13: Alat/ Mesin | D13: AIR MINERAL BOTOL (V.20) Karena Alat/ Mesin | E13: BOTOL | G13: 1
B14: AYAM KECAP | C14: Over Stock | D14: AYAM KECAP Karena Over Stock | E14: GR | G14: 1
B15: AYAM KECAP | C15: Handling | D15: AYAM KECAP Karena Handling | E15: GR | G15: 1
B16: AYAM KECAP | C16: Kualitas Internal | D16: AYAM KECAP Karena Kualitas Internal | E16: GR | G16: 1
B17: AYAM KECAP | C17: Alat/ Mesin | D17: AYAM KECAP Karena Alat/ Mesin | E17: GR | G17: 1
B18: BAKSO HALUS | C18: Over Stock | D18: BAKSO HALUS Karena Over Stock | E18: PCS | G18: 1
B19: BAKSO HALUS | C19: Handling | D19: BAKSO HALUS Karena Handling | E19: PCS | G19: 1
B20: BAKSO HALUS | C20: Kualitas Internal | D20: BAKSO HALUS Karena Kualitas Internal | E20: PCS | G20: 1
B21: BAKSO HALUS | C21: Alat/ Mesin | D21: BAKSO HALUS Karena Alat/ Mesin | E21: PCS | G21: 1
... B53: BAWANG MERAH GORENG | C53: Alat/ Mesin | D53: BAWANG MERAH GORENG Karena Alat/ Mesin | E53: GR | G53: 1
A54: HIDE | B54: BAWANG MERAH GORENG | C54: Over Stock | D54: BAWANG MERAH GORENG dari Kuah Bakso Karena Over Stock | E54: GR | F54: KUAH BAKSO Karena Over Stock | G54: =200/380664 -> 0.00052539773
A55: HIDE | B55: BAWANG MERAH GORENG | C55: Handling | D55: BAWANG MERAH GORENG dari Kuah Bakso Karena Handling | E55: GR | F55: KUAH BAKSO Karena Handling | G55: =200/380664 -> 0.00052539773
A56: HIDE | B56: BAWANG MERAH GORENG | C56: Kualitas Internal | D56: BAWANG MERAH GORENG dari Kuah Bakso Karena Kualitas Internal | E56: GR | F56: KUAH BAKSO Karena Kualitas Internal | G56: =200/380664 -> 0.00052539773
A57: HIDE | B57: BAWANG MERAH GORENG | C57: Alat/ Mesin | D57: BAWANG MERAH GORENG dari Kuah Bakso Karena Alat/ Mesin | E57: GR | F57: KUAH BAKSO Karena Alat/ Mesin | G57: =200/380664 -> 0.00052539773
A58: HIDE | B58: BAWANG MERAH GORENG | C58: Over Stock | D58: BAWANG MERAH GORENG dari Sisa Cabe Kuah Bakso Karena Over Stock | E58: GR | F58: CABE RAWIT - RESTO Sisa Giling ada Kuah Bakso Karena Over Stock | G58: =200/37402*0.5 -> 0.0026736538
A59: HIDE | B59: BAWANG MERAH GORENG | C59: Handling | D59: BAWANG MERAH GORENG dari Sisa Cabe Kuah Bakso Karena Handling | E59: GR | F59: CABE RAWIT - RESTO Sisa Giling ada Kuah Bakso Karena Handling | G59: =200/37402*0.5 -> 0.0026736538
A60: HIDE | B60: BAWANG MERAH GORENG | C60: Kualitas Internal | D60: BAWANG MERAH GORENG dari Sisa Cabe Kuah Bakso Karena Kualitas Internal | E60: GR | F60: CABE RAWIT - RESTO Sisa Giling ada Kuah Bakso Karena Kualitas Eksternal | G60: =200/37402*0.5 -> 0.0026736538
A61: HIDE | B61: BAWANG MERAH GORENG | C61: Alat/ Mesin | D61: BAWANG MERAH GORENG dari Sisa Cabe Kuah Bakso Karena Alat/ Mesin | E61: GR | F61: CABE RAWIT - RESTO Sisa Giling ada Kuah Bakso Karena Alat/ Mesin | G61: =200/37402*0.5 -> 0.0026736538
B62: BAWANG PUTIH GORENG (V.20) | C62: Over Stock | D62: BAWANG PUTIH GORENG Karena Over Stock | E62: GR | G62: 1
B63: BAWANG PUTIH GORENG (V.20) | C63: Handling | D63: BAWANG PUTIH GORENG Karena Handling | E63: GR | G63: 1
B64: BAWANG PUTIH GORENG (V.20) | C64: Kualitas Internal | D64: BAWANG PUTIH GORENG Karena Kualitas Internal | E64: GR | G64: 1
B65: BAWANG PUTIH GORENG (V.20) | C65: Alat/ Mesin | D65: BAWANG PUTIH GORENG Karena Alat/ Mesin | E65: GR | G65: 1
A66: HIDE | B66: BAWANG PUTIH GORENG (V.20) | C66: Over Stock | D66: BAWANG PUTIH GORENG dari Kuah Bakso Karena Over Stock | E66: GR | F66: KUAH BAKSO Karena Over Stock | G66: =100/380664 -> 0.00026269886
A67: HIDE | B67: BAWANG PUTIH GORENG (V.20) | C67: Handling | D67: BAWANG PUTIH GORENG dari Kuah Bakso Karena Handling | E67: GR | F67: KUAH BAKSO Karena Handling | G67: =100/380664 -> 0.00026269886
A68: HIDE | B68: BAWANG PUTIH GORENG (V.20) | C68: Kualitas Internal | D68: BAWANG PUTIH GORENG dari Kuah Bakso Karena Kualitas Internal | E68: GR | F68: KUAH BAKSO Karena Kualitas Internal | G68: =100/380664 -> 0.00026269886
A69: HIDE | B69: BAWANG PUTIH GORENG (V.20) | C69: Alat/ Mesin | D69: BAWANG PUTIH GORENG dari Kuah Bakso Karena Alat/ Mesin | E69: GR | F69: KUAH BAKSO Karena Alat/ Mesin | G69: =100/380664 -> 0.00026269886
A70: HIDE | B70: BAWANG PUTIH GORENG (V.20) | C70: Over Stock | D70: BAWANG PUTIH GORENG dari Sisa Cabe Kuah Bakso Karena Over Stock | E70: GR | F70: CABE RAWIT - RESTO Sisa Giling ada Kuah Bakso Karena Over Stock | G70: =100/37402*0.5 -> 0.0013368269
A71: HIDE | B71: BAWANG PUTIH GORENG (V.20) | C71: Handling | D71: BAWANG PUTIH GORENG dari Sisa Cabe Kuah Bakso Karena Handling | E71: GR | F71: CABE RAWIT - RESTO Sisa Giling ada Kuah Bakso Karena Handling | G71: =100/37402*0.5 -> 0.0013368269
A72: HIDE | B72: BAWANG PUTIH GORENG (V.20) | C72: Kualitas Internal | D72: BAWANG PUTIH GORENG dari Sisa Cabe Kuah Bakso Karena Kualitas Internal | E72: GR | F72: CABE RAWIT - RESTO Sisa Giling ada Kuah Bakso Karena Kualitas Eksternal | G72: =100/37402*0.5 -> 0.0013368269
A73: HIDE | B73: BAWANG PUTIH GORENG (V.20) | C73: Alat/ Mesin | D73: BAWANG PUTIH GORENG dari Sisa Cabe Kuah Bakso Karena Alat/ Mesin | E73: GR | F73: CABE RAWIT - RESTO Sisa Giling ada Kuah Bakso Karena Alat/ Mesin | G73: =100/37402*0.5 -> 0.0013368269
B74: BERAS PUTIH | C74: Over Stock | D74: BERAS PUTIH Karena Over Stock | E74: GR | G74: 1
B75: BERAS PUTIH | C75: Handling | D75: BERAS PUTIH Karena Handling | E75: GR | G75: 1
B76: BERAS PUTIH | C76: Kualitas Eksternal | D76: BERAS PUTIH Karena Kualitas Eksternal | E76: GR | G76: 1
B77: BERAS PUTIH | C77: Alat/ Mesin | D77: BERAS PUTIH Karena Alat/ Mesin | E77: GR | G77: 1
B78: BERAS PUTIH | C78: Over Stock | D78: BERAS PUTIH dari Sisa Nasi Paper Wrap Karena Over Stock | E78: GR | G78: =70/150 -> 0.46666667
B79: BERAS PUTIH | C79: Handling | D79: BERAS PUTIH dari Sisa Nasi Paper Wrap Karena Handling | E79: GR | G79: =70/150 -> 0.46666667
B80: BERAS PUTIH | C80: Kualitas Internal | D80: BERAS PUTIH dari Sisa Nasi Paper Wrap Karena Kualitas Eksternal | E80: GR | G80: =70/150 -> 0.46666667
B81: BERAS PUTIH | C81: Alat/ Mesin | D81: BERAS PUTIH dari Sisa Nasi Paper Wrap Karena Alat/ Mesin | E81: GR | G81: =70/150 -> 0.46666667
B82: BERAS PUTIH | C82: Over Stock | D82: BERAS PUTIH dari Sisa Nasi Tray Karena Over Stock | E82: GR | G82: =70/150 -> 0.46666667
B83: BERAS PUTIH | C83: Handling | D83: BERAS PUTIH dari Sisa Nasi Tray Karena Handling | E83: GR | G83: =70/150 -> 0.46666667
B84: BERAS PUTIH | C84: Kualitas Internal | D84: BERAS PUTIH dari Sisa Nasi Tray Karena Kualitas Eksternal | E84: GR | G84: =70/150 -> 0.46666667
B85: BERAS PUTIH | C85: Alat/ Mesin | D85: BERAS PUTIH dari Sisa Nasi Tray Karena Alat/ Mesin | E85: GR | G85: =70/150 -> 0.46666667
B86: BIANG KERING KUAH | C86: Over Stock | D86: BIANG KERING KUAH Karena Over Stock | E86: GR | G86: 1
B87: BIANG KERING KUAH | C87: Handling | D87: BIANG KERING KUAH Karena Handling | E87: GR | G87: 1
B88: BIANG KERING KUAH | C88: Kualitas Internal | D88: BIANG KERING KUAH Karena Kualitas Internal | E88: GR | G88: 1
B89: BIANG KERING KUAH | C89: Alat/ Mesin | D89: BIANG KERING KUAH Karena Alat/ Mesin | E89: GR | G89: 1
A90: HIDE | B90: BIANG KERING KUAH | C90: Over Stock | D90: BIANG KERING KUAH dari Kuah Bakso Karena Over Stock | E90: GR | F90: KUAH BAKSO Karena Over Stock | G90: =810.4/380664 -> 0.0021289116
A91: HIDE | B91: BIANG KERING KUAH | C91: Handling | D91: BIANG KERING KUAH dari Kuah Bakso Karena Handling | E91: GR | F91: KUAH BAKSO Karena Handling | G91: =810.4/380664 -> 0.0021289116
A92: HIDE | B92: BIANG KERING KUAH | C92: Kualitas Internal | D92: BIANG KERING KUAH dari Kuah Bakso Karena Kualitas Internal | E92: GR | F92: KUAH BAKSO Karena Kualitas Internal | G92: =810.4/380664 -> 0.0021289116
A93: HIDE | B93: BIANG KERING KUAH | C93: Alat/ Mesin | D93: BIANG KERING KUAH dari Kuah Bakso Karena Alat/ Mesin | E93: GR | F93: KUAH BAKSO Karena Alat/ Mesin | G93: =810.4/380664 -> 0.0021289116
A94: HIDE | B94: BIANG KERING KUAH | C94: Over Stock | D94: BIANG KERING KUAH Karena Over Stock | E94: GR | F94: CABE RAWIT - RESTO Sisa Giling ada Kuah Bakso Karena Over Stock | G94: =810.4/37402*0.5 -> 0.010833645
A95: HIDE | B95: BIANG KERING KUAH | C95: Handling | D95: BIANG KERING KUAH Karena Handling | E95: GR | F95: CABE RAWIT - RESTO Sisa Giling ada Kuah Bakso Karena Handling | G95: =810.4/37402*0.5 -> 0.010833645
A96: HIDE | B96: BIANG KERING KUAH | C96: Kualitas Internal | D96: BIANG KERING KUAH Karena Kualitas Internal | E96: GR | F96: CABE RAWIT - RESTO Sisa Giling ada Kuah Bakso Karena Kualitas Eksternal | G96: =810.4/37402*0.5 -> 0.010833645
A97: HIDE | B97: BIANG KERING KUAH | C97: Alat/ Mesin | D97: BIANG KERING KUAH Karena Alat/ Mesin | E97: GR | F97: CABE RAWIT - RESTO Sisa Giling ada Kuah Bakso Karena Alat/ Mesin | G97: =810.4/37402*0.5 -> 0.010833645
B98: BIANG TEH (TEH NAGA DAN TEH GOPEK) | C98: Over Stock | D98: BIANG TEA TANPA GULA Karena Over Stock | E98: GR | G98: 1
B99: BIANG TEH (TEH NAGA DAN TEH GOPEK) | C99: Handling | D99: BIANG TEA TANPA GULA Karena Handling | E99: GR | G99: 1
B100: BIANG TEH (TEH NAGA DAN TEH GOPEK) | C100: Kualitas | D100: BIANG TEA TANPA GULA Karena Kualitas | E100: GR | G100: 1
B101: BIANG TEH (TEH NAGA DAN TEH GOPEK) | C101: Alat/ Mesin | D101: BIANG TEA TANPA GULA Karena Alat/ Mesin | E101: GR | G101: 1
B102: BIANG TEH (TEH NAGA DAN TEH GOPEK) | C102: Over Stock | D102: BIANG TEA PAKAI GULA Karena Over Stock | E102: GR | G102: 1
B103: BIANG TEH (TEH NAGA DAN TEH GOPEK) | C103: Handling | D103: BIANG TEA PAKAI GULA Karena Handling | E103: GR | G103: 1
B104: BIANG TEH (TEH NAGA DAN TEH GOPEK) | C104: Kualitas | D104: BIANG TEA PAKAI GULA Karena Kualitas | E104: GR | G104: 1
B105: BIANG TEH (TEH NAGA DAN TEH GOPEK) | C105: Alat/ Mesin | D105: BIANG TEA PAKAI GULA Karena Alat/ Mesin | E105: GR | G105: 1
B106: BLUEBERRY SAUCE | C106: Over Stock | D106: BLUEBERRY SAUCE Karena Over Stock | E106: GR | G106: 1
B107: BLUEBERRY SAUCE | C107: Handling | D107: BLUEBERRY SAUCE Karena Handling | E107: GR | G107: 1
B108: BLUEBERRY SAUCE | C108: Kualitas Internal | D108: BLUEBERRY SAUCE Karena Kualitas Internal | E108: GR | G108: 1
B109: BLUEBERRY SAUCE | C109: Alat/ Mesin | D109: BLUEBERRY SAUCE Karena Alat/ Mesin | E109: GR | G109: 1
... B133: BUMBU BAKSO BAKAR (V.20) | C133: Alat/ Mesin | D133: BUMBU BAKSO BAKAR Lv8 Karena Alat/ Mesin | E133: GR | G133: 1
A134: HIDE | B134: BUMBU BAKSO BAKAR (V.20) | C134: Over Stock | D134: BUMBU BAKSO BAKAR Dari Bakso Bakar Lv 0 Karena Over Stock | E134: GR | F134: BAKSO HALUS Lv 0 (Ada Bumbu Bakar) Karena Over Stock | G134: =47/5 -> 9.4
A135: HIDE | B135: BUMBU BAKSO BAKAR (V.20) | C135: Handling | D135: BUMBU BAKSO BAKAR Dari Bakso Bakar Lv 0 Karena Handling | E135: GR | F135: BAKSO HALUS Lv 0 (Ada Bumbu Bakar) Karena Handling | G135: =47/5 -> 9.4
A136: HIDE | B136: BUMBU BAKSO BAKAR (V.20) | C136: Kualitas Internal | D136: BUMBU BAKSO BAKAR Dari Bakso Bakar Lv 0 Karena Kualitas Internal | E136: GR | F136: BAKSO HALUS Lv 0 (Ada Bumbu Bakar) Karena Kualitas Internal | G136: =47/5 -> 9.4
A137: HIDE | B137: BUMBU BAKSO BAKAR (V.20) | C137: Alat/ Mesin | D137: BUMBU BAKSO BAKAR Dari Bakso Bakar Lv 0 Karena Alat/ Mesin | E137: GR | F137: BAKSO HALUS Lv 0 (Ada Bumbu Bakar) Karena Alat/ Mesin | G137: =47/5 -> 9.4
A138: HIDE | B138: BUMBU BAKSO BAKAR (V.20) | C138: Over Stock | D138: BUMBU BAKSO BAKAR Dari Bakso Bakar Lv 2 Karena Over Stock | E138: GR | F138: BAKSO HALUS Lv 2 (Ada Bumbu Bakar) Karena Over Stock | G138: =45.1/5 -> 9.02
A139: HIDE | B139: BUMBU BAKSO BAKAR (V.20) | C139: Handling | D139: BUMBU BAKSO BAKAR Dari Bakso Bakar Lv 2 Karena Handling | E139: GR | F139: BAKSO HALUS Lv 2 (Ada Bumbu Bakar) Karena Handling | G139: =45.1/5 -> 9.02
A140: HIDE | B140: BUMBU BAKSO BAKAR (V.20) | C140: Kualitas Internal | D140: BUMBU BAKSO BAKAR Dari Bakso Bakar Lv 2 Karena Kualitas Internal | E140: GR | F140: BAKSO HALUS Lv 2 (Ada Bumbu Bakar) Karena Kualitas Internal | G140: =45.1/5 -> 9.02
A141: HIDE | B141: BUMBU BAKSO BAKAR (V.20) | C141: Alat/ Mesin | D141: BUMBU BAKSO BAKAR Dari Bakso Bakar Lv 2 Karena Alat/ Mesin | E141: GR | F141: BAKSO HALUS Lv 2 (Ada Bumbu Bakar) Karena Alat/ Mesin | G141: =45.1/5 -> 9.02
A142: HIDE | B142: BUMBU BAKSO BAKAR (V.20) | C142: Over Stock | D142: BUMBU BAKSO BAKAR Dari Bakso Bakar Lv 4 Karena Over Stock | E142: GR | F142: BAKSO HALUS Lv 4 (Ada Bumbu Bakar) Karena Over Stock | G142: =43.2/5 -> 8.64
A143: HIDE | B143: BUMBU BAKSO BAKAR (V.20) | C143: Handling | D143: BUMBU BAKSO BAKAR Dari Bakso Bakar Lv 4 Karena Handling | E143: GR | F143: BAKSO HALUS Lv 4 (Ada Bumbu Bakar) Karena Handling | G143: =43.2/5 -> 8.64
A144: HIDE | B144: BUMBU BAKSO BAKAR (V.20) | C144: Kualitas Internal | D144: BUMBU BAKSO BAKAR Dari Bakso Bakar Lv 4 Karena Kualitas Internal | E144: GR | F144: BAKSO HALUS Lv 4 (Ada Bumbu Bakar) Karena Kualitas Internal | G144: =43.2/5 -> 8.64
A145: HIDE | B145: BUMBU BAKSO BAKAR (V.20) | C145: Alat/ Mesin | D145: BUMBU BAKSO BAKAR Dari Bakso Bakar Lv 4 Karena Alat/ Mesin | E145: GR | F145: BAKSO HALUS Lv 4 (Ada Bumbu Bakar) Karena Alat/ Mesin | G145: =43.2/5 -> 8.64
A146: HIDE | B146: BUMBU BAKSO BAKAR (V.20) | C146: Over Stock | D146: BUMBU BAKSO BAKAR Dari Bakso Bakar Lv 6 Karena Over Stock | E146: GR | F146: BAKSO HALUS Lv 6 (Ada Bumbu Bakar) Karena Over Stock | G146: =37.6/5 -> 7.52
A147: HIDE | B147: BUMBU BAKSO BAKAR (V.20) | C147: Handling | D147: BUMBU BAKSO BAKAR Dari Bakso Bakar Lv 6 Karena Handling | E147: GR | F147: BAKSO HALUS Lv 6 (Ada Bumbu Bakar) Karena Handling | G147: =37.6/5 -> 7.52
A148: HIDE | B148: BUMBU BAKSO BAKAR (V.20) | C148: Kualitas Internal | D148: BUMBU BAKSO BAKAR Dari Bakso Bakar Lv 6 Karena Kualitas Internal | E148: GR | F148: BAKSO HALUS Lv 6 (Ada Bumbu Bakar) Karena Kualitas Internal | G148: =37.6/5 -> 7.52
A149: HIDE | B149: BUMBU BAKSO BAKAR (V.20) | C149: Alat/ Mesin | D149: BUMBU BAKSO BAKAR Dari Bakso Bakar Lv 6 Karena Alat/ Mesin | E149: GR | F149: BAKSO HALUS Lv 6 (Ada Bumbu Bakar) Karena Alat/ Mesin | G149: =37.6/5 -> 7.52
B150: BUMBU PASTA KUAH (V.20) | C150: Over Stock | D150: BUMBU PASTA KUAH Karena Over Stock | E150: GR | G150: 1
B151: BUMBU PASTA KUAH (V.20) | C151: Handling | D151: BUMBU PASTA KUAH Karena Handling | E151: GR | G151: 1
B152: BUMBU PASTA KUAH (V.20) | C152: Kualitas Internal | D152: BUMBU PASTA KUAH Karena Kualitas Internal | E152: GR | G152: 1
B153: BUMBU PASTA KUAH (V.20) | C153: Alat/ Mesin | D153: BUMBU PASTA KUAH Karena Alat/ Mesin | E153: GR | G153: 1
A154: HIDE | B154: BUMBU PASTA KUAH (V.20) | C154: Over Stock | D154: BUMBU PASTA KUAH dari Kuah Bakso Karena Over Stock | E154: GR | F154: KUAH BAKSO Karena Over Stock | G154: =956/380664 -> 0.0025114011
...

Sheet Detail1
A1: Details for Sum of Value - SATUAN: GR, JENIS: 1.DEVIASI, NAMA BARANG: KECAP BAKSO, KATEGORI: COM DEVIASI - RESTO, Attribute: 14
A3: KATEGORI | B3: NAMA BARANG | C3: JENIS | D3: SATUAN | E3: Attribute | F3: SO_KEMARIN | G3: WASTE | H3: TRIAL | I3: SUSUT | J3: STOCK AWAL | K3: BARANG MASUK | L3: BARANG KELUAR | M3: BOM | N3: Stock Seharusnya (SO_Kemarin + Barang Masuk - Barang Keluar - BOM) | O3: SO | P3: Value | Q3: Keterangan | R3: Indikasi
A4: COM DEVIASI - RESTO | B4: KECAP BAKSO | C4: 1.DEVIASI | D4: GR | E4: 14 | F4: 65754 | G4: 0 | H4: 72 | I4: 0 | K4: 12000 | L4: 0 | M4: 13752 | N4: 64002 | O4: 52950 | P4: -11052 | Q4: SO lebih sedikit daripada perhitungan stock seharusnya | R4: 1. Barang Keluar belum tercatat (Kiriman/retur ke resto lain/DC) | 2. Pencatatan Promix 00 kurang tepat | 3. Loss karna Waste/Susut atau Over Takaran

Sheet AKUMULASI DEVIASI ATAU TOTAL

Sheet CEK DEVIASI HARIAN

Sheet INPUT SO HARIAN
A1: NAMA BARANG | B1: KODE BARANG | C1: ITEM STOCK OPNAME | D1: SATUAN | E1: Konversi | F1: 1 | G1: 2 | H1: 3 | I1: 4 | J1: 5 | K1: 6 | L1: 7 | M1: 8 | N1: 9 | O1: 10 | P1: 11 | Q1: 12 | R1: 13 | S1: 14 | T1: 15 | U1: 16 | V1: 17 | W1: 18 | X1: 19 | Y1: 20 | Z1: 21 | AA1: 22 | AB1: 23 | AC1: 24 | AD1: 25 | AE1: 26 | AF1: 27 | AG1: 28 | AH1: 29 | AI1: 30 | AJ1: 31
A2: ADONAN GORENG MEKAR | C2: Adonan Goreng Mekar (karton) | D2: karton | E2: 15000 | F2: 0 | G2: 0 | H2: 1 | I2: 0 | J2: 7 | K2: 0 | L2: 6 | M2: 5 | N2: 10 | O2: 9 | P2: 5 | Q2: 7 | R2: 3 | S2: 10
A3: ADONAN GORENG MEKAR | C3: Adonan Goreng Mekar (pack) | D3: pack | E3: 1000 | F3: 131 | G3: 92 | H3: 109 | I3: 109 | J3: 116 | K3: =144+69 -> 213 | L3: =70+19+69 -> 158 | M3: =135+69 -> 204 | N3: =79+69 -> 148 | O3: 71 | P3: 57 | Q3: 93 | R3: 87 | S3: 74
A4: ADONAN GORENG MEKAR | C4: Adonan Goreng Mekar (gr) | D4: gr | E4: 1 | F4: 439 | G4: 0 | H4: 0 | I4: 0 | J4: 0 | K4: 612 | L4: 0 | M4: 0 | N4: 0 | O4: 708 | P4: 662 | Q4: 0 | R4: 0 | S4: 0
A5: ADONAN GORENG MEKAR | B5: 100434 | C5: ADONAN GORENG MEKAR | D5: GR
A6: AIR MINERAL BOTOL (V.20) | C6: stok air mineral kardus utuh (karton) | D6: karton | E6: 24 | F6: 33 | G6: 73 | H6: 56 | I6: 41 | J6: 29 | K6: 53 | L6: 39 | M6: 25 | N6: 76 | O6: 60 | P6: 44 | Q6: 21 | R6: 61 | S6: 47
A7: AIR MINERAL BOTOL (V.20) | C7: sisa air mineral botol (botol) | D7: botol | E7: 1 | F7: 10 | G7: 7 | H7: 15 | I7: 22 | J7: 17 | K7: 9 | L7: 20 | M7: 34 | N7: 13 | O7: 31 | P7: 19 | Q7: 34 | R7: 1 | S7: 37
A8: AIR MINERAL BOTOL (V.20) | B8: 100210 | C8: AIR MINERAL BOTOL (V.20) | D8: BOTOL
A9: ARANG BAKARAN | C9: Arang Bakaran (karton) | D9: karton | E9: 10000 | F9: 0 | G9: 0 | H9: 0 | I9: 0 | J9: 0 | K9: 0 | L9: 0 | M9: 0 | N9: 0 | O9: 0 | P9: 0 | Q9: 0 | R9: 0 | S9: 0
A10: ARANG BAKARAN | C10: Arang Bakaran (gr) | D10: gr | E10: 1 | F10: 553860 | G10: 526460 | H10: 496270 | I10: 465440 | J10: 435457 | K10: 395933 | L10: 371602 | M10: 344455 | N10: 311391 | O10: 279660 | P10: 250145 | Q10: 226499 | R10: 20353 | S10: 153000
A11: ARANG BAKARAN | B11: 100351 | C11: ARANG BAKARAN | D11: GR
A12: AYAM KECAP | C12: Ayam Kecap (karton) | D12: karton | E12: 12000
A13: AYAM KECAP | C13: Ayam Kecap (pack) | D13: pack | E13: 1000
A14: AYAM KECAP | C14: Ayam Kecap (gr) | D14: gr | E14: 1
A15: AYAM KECAP | B15: 100386 | C15: AYAM KECAP | D15: GR
A16: BAKSO HALUS | C16: Bakso Halus (karton) | D16: karton | E16: 480 | F16: 41 | G16: 22 | H16: 42 | I16: 25 | J16: 48 | K16: 33 | L16: 53 | M16: 41 | N16: 39 | O16: 57 | P16: 38 | Q16: 52 | R16: 37 | S16: 46
A17: BAKSO HALUS | C17: Bakso Halus (pack) | D17: pack | E17: 40 | F17: 24 | G17: 116 | H17: 48 | I17: 0 | J17: 36 | K17: 6 | L17: 11 | M17: 0 | N17: 26 | O17: 34 | P17: 26 | Q17: 48 | R17: 38 | S17: 8
A18: BAKSO HALUS | C18: Bakso Halus (Pcs) | D18: pcs | E18: 1 | F18: 1918 | G18: 1936 | H18: 0.00 | I18: 0.00 | J18: 64.00 | K18: 39 | L18: 154.00 | M18: 44.00 | N18: 105 | O18: 70 | P18: 79 | Q18: 123 | R18: 90 | S18: 35
A19: BAKSO HALUS | B19: 100389 | C19: BAKSO HALUS | D19: PCS
A20: BAKSO URAT | C20: Bakso Urat (karton) | D20: karton | E20: 480 | F20: 31 | G20: 19 | H20: 25 | I20: 15 | J20: 29 | K20: 21 | L20: 39 | M20: 31 | N20: 26 | O20: 36 | P20: 24 | Q20: 34 | R20: 24 | S20: 31
A21: BAKSO URAT | C21: Bakso Urat (pack) | D21: pack | E21: 40 | F21: 32 | G21: 77 | H21: 36 | I21: 0 | J21: 54 | K21: 1 | L21: 9 | M21: 3 | N21: 22 | O21: 34 | P21: 32 | Q21: 52 | R21: 50 | S21: 10
A22: BAKSO URAT | C22: Bakso Urat (pcs) | D22: pcs | E22: 1 | F22: 958 | G22: 1040 | H22: 0 | I22: 0 | J22: 6 | K22: 8 | L22: 88 | M22: 87 | N22: 97 | O22: 36 | P22: 66 | Q22: 28 | R22: 58 | S22: 26
A23: BAKSO URAT | B23: 100388 | C23: BAKSO URAT | D23: PCS
A24: BASIC POWDER | C24: Basic Powder (pack) | D24: pack | E24: 1000
A25: BASIC POWDER | C25: Basic Powder (gr) | D25: gr | E25: 1
A26: BASIC POWDER | B26: 100406 | C26: BASIC POWDER | D26: GR
A27: BASRENG | C27: Basreng (karton) | D27: karton | E27: 150 | F27: 36 | G27: 15 | H27: =43+2 -> 45 | I27: 14 | J27: 34 | K27: 20 | L27: 31 | M27: 62 | N27: 63 | O27: 1 | P27: 0 | Q27: 10 | R27: 2 | S27: 10
A28: BASRENG | C28: Basreng (pack) | D28: pack | E28: 15 | F28: 283 | G28: 325 | H28: =196+18 -> 214 | I28: 265 | J28: 263 | K28: =266+654 -> 920 | L28: =221+654 -> 875 | M28: =260+654 -> 914 | N28: =301+654 -> 955 | O28: =217+15 -> 232 | P28: 20 | Q28: 237 | R28: 209 | S28: 229
A29: BASRENG | C29: Basreng (pcs) | D29: pack | E29: 1 | F29: 24 | G29: 22 | H29: 9 | I29: 0 | J29: 2 | K29: 9 | L29: 0 | M29: 0 | N29: 0 | O29: 35 | P29: 1 | Q29: 6 | R29: 12 | S29: 12
A30: BASRENG | B30: 100390 | C30: BASRENG | D30: PCS
A31: BAWANG MERAH GORENG | C31: Bawang Merah Goreng (karton) | D31: karton | E31: 7500 | F31: 3 | G31: 3 | H31: 5 | I31: 3 | J31: 3 | K31: 2 | L31: 4 | M31: 3 | N31: 2 | O31: 5 | P31: 4 | Q31: 3 | R31: 3 | S31: 4
A32: BAWANG MERAH GORENG | C32: Bawang Merah Goreng (pack) | D32: pack | E32: 500 | F32: 11 | G32: 2 | H32: 2 | I32: 11 | J32: 4 | K32: 6 | L32: 7 | M32: 10 | N32: 11 | O32: 10 | P32: 9 | Q32: 12 | R32: 4 | S32: 8
A33: BAWANG MERAH GORENG | C33: Bawang Merah Goreng (gr) | D33: gr | E33: 1 | F33: 600 | G33: 0 | H33: 0 | I33: 317 | J33: 182 | K33: 401 | L33: 341 | M33: 587 | N33: 0 | O33: 553 | P33: 314 | Q33: 441 | R33: 649 | S33: 61
A34: BAWANG MERAH GORENG | B34: 100340 | C34: BAWANG MERAH GORENG | D34: GR
A35: BAWANG PUTIH GORENG (V.20) | C35: Bawang Putih Goreng (karton) | D35: karton | E35: 7500 | F35: 1 | G35: 1 | H35: 2 | I35: 1 | J35: 1 | K35: 1 | L35: 1 | M35: 1 | N35: 1 | O35: 2 | P35: 1 | Q35: 2 | R35: 2 | S35: 2
A36: BAWANG PUTIH GORENG (V.20) | C36: Bawang Putih Goreng (pack) | D36: pack | E36: 500 | F36: 19 | G36: 16 | H36: 8 | I36: 13 | J36: 22 | K36: 20 | L36: 16 | M36: 14 | N36: 11 | O36: 8 | P36: 19 | Q36: 17 | R36: 15 | S36: 12
A37: BAWANG PUTIH GORENG (V.20) | C37: Bawang Putih Goreng (gr) | D37: gr | E37: 1 | F37: 500 | G37: 0 | H37: 0 | I37: 406 | J37: 518 | K37: 316 | L37: 401 | M37: 113 | N37: 203 | O37: 96 | P37: 276 | Q37: 285 | R37: 96 | S37: 515
A38: BAWANG PUTIH GORENG (V.20) | B38: 100430 | C38: BAWANG PUTIH GORENG (V.20) | D38: GR
A39: BERAS PUTIH | C39: Beras Putih (Karung) | D39: karung | E39: 25000 | F39: 1 | G39: 1 | H39: 1 | I39: 1 | J39: 1 | K39: 1 | L39: 1 | M39: 1 | N39: 1 | O39: 1 | P39: 1 | Q39: 1 | R39: 1 | S39: 1
A40: BERAS PUTIH | C40: Beras Putih (gr) | D40: gr | E40: 1 | F40: 19070 | G40: 19070 | H40: 19070 | I40: 19070 | J40: 9800 | K40: 9800 | L40: 9800 | M40: 9800 | N40: 9800 | O40: 9800 | P40: 9800 | Q40: 9800 | R40: 18700 | S40: 19250
A41: BERAS PUTIH | C41: Sisa Nasi dalam Paper Wrap | D41: pcs | E41: 0.46666667 | F41: 0 | G41: 0 | H41: 0 | I41: 0 | J41: 0 | K41: 0 | L41: 0 | M41: 0 | N41: 0 | O41: 0 | P41: 0 | Q41: 0 | R41: 0 | S41: 0
A42: BERAS PUTIH | C42: Sisa Nasi dalam Tray | D42: pcs | E42: 0.46666667 | F42: 0 | G42: 0 | H42: 0 | I42: 0 | J42: 0 | K42: 0 | L42: 0 | M42: 0 | N42: 0 | O42: 0 | P42: 0 | Q42: 0 | R42: 0 | S42: 0
A43: BERAS PUTIH | B43: 100369 | C43: BERAS PUTIH | D43: GR
A44: BIANG KERING KUAH | C44: Biang Kering Kuah (pack) | D44: pack | E44: 810 | F44: 106 | G44: 91 | H44: 133 | I44: 127 | J44: 107 | K44: 94 | L44: =79+7 -> 86 | M44: 165 | N44: 150 | O44: =120+10+5 -> 135 | P44: 118 | Q44: 107 | R44: 95 | S44: 145
A45: BIANG KERING KUAH | C45: Biang Kering Kuah (gr) | D45: gr | E45: 1 | F45: 0 | G45: 0 | H45: 0 | I45: 0 | J45: 0 | K45: 0 | L45: 0 | M45: 0 | N45: 0 | O45: 0 | P45: 0 | Q45: 0 | R45: 0 | S45: 0
A46: BIANG KERING KUAH | B46: 100381 | C46: BIANG KERING KUAH | D46: GR
A47: BLUEBERRY SAUCE | C47: Blueberry Sauce (karton) | D47: karton | E47: 7740 | F47: 0 | G47: 0 | H47: 2 | I47: 1 | J47: 1 | K47: 1 | L47: 0 | M47: 0 | N47: 0 | O47: 1 | P47: 0 | Q47: 0 | R47: 0 | S47: 1
A48: BLUEBERRY SAUCE | C48: Blueberry Sauce (pack) | D48: pack | E48: 1290 | F48: 8 | G48: 6 | H48: 4 | I48: 7 | J48: 6 | K48: 4 | L48: 8 | M48: 7 | N48: 6 | O48: 3 | P48: 11 | Q48: 5 | R48: 4 | S48: 2
A49: BLUEBERRY SAUCE | C49: Blueberry Sauce (gr) | D49: gr | E49: 1 | F49: 292 | G49: 348 | H49: 296 | I49: 481 | J49: 592 | K49: 731 | L49: 334 | M49: 564 | N49: 789 | O49: 1620 | P49: 1097 | Q49: 1281 | R49: 916 | S49: 1215
A50: BLUEBERRY SAUCE | B50: 100423 | C50: BLUEBERRY SAUCE | D50: GR
A51: BUBBLEGUM CRUMBLE | C51: Bubblegum Crumble (karton) | D51: karton | E51: 6000 | F51: 0 | G51: 0 | H51: 0 | I51: 0 | J51: 0 | K51: 0 | L51: 0 | M51: 0 | N51: 0 | O51: 1 | P51: 1 | Q51: 0 | R51: 0 | S51: 0
A52: BUBBLEGUM CRUMBLE | C52: Bubblegum Crumble (pack) | D52: pack | E52: 250 | F52: 33 | G52: 33 | H52: 30 | I52: 14 | J52: 24 | K52: 22 | L52: 21 | M52: 19 | N52: 18 | O52: 16 | P52: 13 | Q52: 36 | R52: 36 | S52: 32
A53: BUBBLEGUM CRUMBLE | C53: Bubblegum Crumble (gr) | D53: gr | E53: 1 | F53: 476 | G53: 96 | H53: 71 | I53: 392 | J53: 410 | K53: 446 | L53: 198 | M53: 241 | N53: 63 | O53: 77 | P53: 230 | Q53: 175 | R53: 219 | S53: 105
A54: BUBBLEGUM CRUMBLE | B54: 100422 | C54: BUBBLEGUM CRUMBLE | D54: GR
A55: BUBBLEGUM SAUCE | C55: Bubblegum Sauce (karton) | D55: karton | E55: 12000 | F55: 1 | G55: 1 | H55: 1 | I55: 1 | J55: 1 | K55: 1 | L55: 1 | M55: 1 | N55: 1 | O55: 1 | P55: 0 | Q55: 0 | R55: 1 | S55: 2
A56: BUBBLEGUM SAUCE | C56: Bubblegum Sauce (pack) | D56: pack | E56: 100 | F56: 23 | G56: 22 | H56: 12 | I56: 7 | J56: 16 | K56: 16 | L56: 13 | M56: 13 | N56: 13 | O56: 11 | P56: 21 | Q56: 20 | R56: 18 | S56: 29
A57: BUBBLEGUM SAUCE | C57: Bubblegum Sauce (gr) | D57: gr | E57: 1 | F57: 1130 | G57: 738 | H57: 0 | I57: 0 | J57: 1401 | K57: 333 | L57: 423 | M57: 1240 | N57: 275 | O57: 1004 | P57: 898 | Q57: 243 | R57: 728 | S57: 1048
A58: BUBBLEGUM SAUCE | B58: 100421 | C58: BUBBLEGUM SAUCE | D58: GR
A59: BUMBU BAKSO BAKAR (V.20) | C59: Bumbu Bakso Bakar (karton) | D59: karton | E59: 21000 | F59: 3 | G59: 3 | H59: 6 | I59: 3 | J59: 7 | K59: 6 | L59: 5 | M59: 5 | N59: 1 | O59: 2 | P59: 0 | Q59: 2 | R59: 1 | S59: 5
A60: BUMBU BAKSO BAKAR (V.20) | C60: Bumbu Bakso Bakar (pack) | D60: pack | E60: 1500 | F60: 67 | G60: 54 | H60: 32 | I60: 56 | J60: 8 | K60: =26+92 -> 118 | L60: =70+92 -> 162 | M60: =55+92 -> 147 | N60: =102+92 -> 194 | O60: 37 | P60: 37 | Q60: 23 | R60: 27 | S60: 45
A61: BUMBU BAKSO BAKAR (V.20) | C61: Bumbu Bakso Bakar (gr) | D61: gr | E61: 1000 | F61: 0 | G61: 0 | H61: 0 | I61: 0 | J61: 0 | K61: 0 | L61: 0 | M61: 0 | N61: 0 | O61: 0 | P61: 0 | Q61: 0 | R61: 0 | S61: 0
A62: BUMBU BAKSO BAKAR (V.20) | C62: Sisa Bumbu Bakso Bakar (gr) | D62: gr | E62: 0.375 | F62: 361 | G62: 1356 | H62: 0 | I62: 0 | J62: 1062 | K62: 1666 | L62: 590 | M62: 1812 | N62: 923 | O62: 836 | P62: 983 | Q62: 740 | R62: 586 | S62: 935
A63: BUMBU BAKSO BAKAR (V.20) | C63: Sisa Bumbu Bakso Bakar Cabe Lv 2 (gr) | D63: gr | E63: 0.96 | F63: 618 | G63: 714 | H63: 0 | I63: 0 | J63: 971 | K63: 1432 | L63: 686 | M63: 1227 | N63: 455 | O63: 305 | P63: 617 | Q63: 802 | R63: 420 | S63: 935
A64: BUMBU BAKSO BAKAR (V.20) | C64: Sisa Bumbu Bakso Bakar Cabe Lv 4 (gr) | D64: gr | E64: 0.92 | F64: 1220 | G64: 1283 | H64: 0 | I64: 0 | J64: 740 | K64: 845 | L64: 623 | M64: 1522 | N64: 650 | O64: 539 | P64: 630 | Q64: 801 | R64: 727 | S64: 227
A65: BUMBU BAKSO BAKAR (V.20) | C65: Sisa Bumbu Bakso Bakar Cabe Lv 6 (gr) | D65: gr | E65: 0.8 | F65: 0 | G65: 0 | H65: 0 | I65: 0 | J65: 0 | K65: 0 | L65: 0 | M65: 0 | N65: 0 | O65: 0 | P65: 0 | Q65: 0 | R65: 0 | S65: 0
A66: BUMBU BAKSO BAKAR (V.20) | B66: 100431 | C66: BUMBU BAKSO BAKAR (V.20) | D66: GR
A67: BUMBU PASTA KUAH (V.20) | C67: Bumbu Pasta Kuah (karton) | D67: karton | E67: 14000 | F67: 9 | G67: 8 | H67: 9 | I67: 7 | J67: 0 | K67: 2 | L67: 0 | M67: 0 | N67: 1 | O67: 1 | P67: 0 | Q67: 0 | R67: 0 | S67: 2
A68: BUMBU PASTA KUAH (V.20) | C68: Bumbu Pasta Kuah (pack) | D68: pack | E68: 1000 | F68: 149 | G68: 148 | H68: 132 | I68: 145 | J68: 238 | K68: =53+57 -> 110 | L68: =82+57 -> 139 | M68: =83+57 -> 140 | N68: =24+46+57 -> 127 | O68: 26 | P68: 23 | Q68: 28 | R68: 31 | S68: 40
A69: BUMBU PASTA KUAH (V.20) | C69: Bumbu Pasta Kuah (gr) | D69: gr | E69: 1 | F69: 0 | G69: 0 | H69: 0 | I69: 0 | J69: 0 | K69: 0 | L69: 0 | M69: 0 | N69: 0 | O69: 0 | P69: 0 | Q69: 0 | R69: 0 | S69: 0
A70: BUMBU PASTA KUAH (V.20) | B70: 100429 | C70: BUMBU PASTA KUAH (V.20) | D70: GR
A71: CABE RAWIT - RESTO (V.20) | C71: Sisa Cabe Utuh (gr) | D71: gr | E71: 1 | F71: 19507 | G71: 26068 | H71: 30000 | I71: 18210 | J71: 23890 | K71: 26508 | L71: 28171 | M71: 27431 | N71: 35000 | O71: 45770 | P71: 31505 | Q71: 30916 | R71: 28190 | S71: 15865
A72: CABE RAWIT - RESTO (V.20) | C72: Cabe Giling (gr) | D72: gr | E72: 1 | F72: 1216 | G72: 1389 | H72: 4327 | I72: 0 | J72: 3600 | K72: 4520 | L72: 154 | M72: 1470 | N72: 1309 | O72: 351 | P72: 1382 | Q72: 1904 | R72: 1344 | S72: 2959
A73: CABE RAWIT - RESTO (V.20) | B73: 100219 | C73: CABE RAWIT - RESTO (V.20) | D73: GR
A74: CARAMEL CRUMB | C74: Caramel Crumb utuh (karton) | D74: karton | E74: 1800 | G74: 0 | H74: 0 | I74: 0 | J74: 0 | K74: 0 | L74: 0 | M74: 0 | N74: 0 | O74: 0 | P74: 0 | Q74: 0 | R74: 0 | S74: 0
A75: CARAMEL CRUMB | C75: Caramel Crumb utuh (botol) | D75: botol | E75: 60 | G75: 0 | H75: 0 | I75: 0 | J75: 0 | K75: 0 | L75: 0 | M75: 0 | N75: 0 | O75: 0 | P75: 0 | Q75: 0 | R75: 0 | S75: 0
A76: CARAMEL CRUMB | C76: Sisa caramel crumb (gr) | D76: gr | E76: 1 | G76: 0 | H76: 0 | I76: 0 | J76: 0 | K76: 0 | L76: 0 | M76: 0 | N76: 0 | O76: 0 | P76: 0 | Q76: 0 | R76: 0 | S76: 0
A77: CARAMEL CRUMB | B77: 100313 | C77: CARAMEL CRUMB | D77: GR
A78: CARAMEL SAUCE | C78: Caramel Sauce utuh (karton) | D78: karton | E78: 6000 | G78: 0 | H78: 0 | I78: 0 | J78: 0 | K78: 0 | L78: 0 | M78: 0 | N78: 0 | O78: 0 | P78: 0 | Q78: 0 | R78: 0 | S78: 0
A79: CARAMEL SAUCE | C79: Caramel Sauce utuh (botol) | D79: botol | E79: 1000 | G79: 0 | H79: 0 | I79: 0 | J79: 0 | K79: 0 | L79: 0 | M79: 0 | N79: 0 | O79: 0 | P79: 0 | Q79: 0 | R79: 0 | S79: 0
A80: CARAMEL SAUCE | C80: sisa Caramel Sauce (gr) | D80: gr | E80: 0.75142771 | G80: 0 | H80: 0 | I80: 0 | J80: 0 | K80: 0 | L80: 0 | M80: 0 | N80: 0 | O80: 0 | P80: 0 | Q80: 0 | R80: 0 | S80: 0
A81: CARAMEL SAUCE | B81: 100316 | C81: CARAMEL SAUCE | D81: ML
A82: CHEESECAKE BISKUIT | C82: Cheesecake Biskuit (karton) | D82: karton | E82: 4200 | F82: 4 | G82: 4 | H82: 4 | I82: 4 | J82: 3 | K82: 3 | L82: 3 | M82: 2 | N82: 2 | O82: 2 | P82: 1 | Q82: 1 | R82: 0 | S82: 1
A83: CHEESECAKE BISKUIT | C83: Cheesecake Biskuit (pack) | D83: pack | E83: 35 | F83: 129 | G83: 175 | H83: 131 | I83: 44 | J83: 125 | K83: 139 | L83: 45 | M83: 72 | N83: 69 | O83: 116 | P83: 194 | Q83: 104 | R83: 24 | S83: 219
A84: CHEESECAKE BISKUIT | C84: Cheesecake Biskuit (gr) | D84: gr | E84: 1 | F84: 163 | G84: 22 | H84: 0 | I84: 5 | J84: 4 | K84: 11 | L84: 286 | M84: 130 | N84: 5 | O84: 0 | P84: 22 | Q84: 14 | R84: 2 | S84: 10
A85: CHEESECAKE BISKUIT | B85: 100424 | C85: CHEESECAKE BISKUIT | D85: GR
A86: CUP 16 - BAKSO | C86: Cup 16 - Bakso (karton) | D86: karton | E86: 500 | F86: 9 | G86: 9 | H86: 9 | I86: 9 | J86: 9 | K86: 9 | L86: 9 | M86: 9 | N86: 9 | O86: 9 | P86: 9 | Q86: 9 | R86: 9 | S86: 9
A87: CUP 16 - BAKSO | C87: Cup 16 - Bakso (pack) | D87: pack | E87: 50 | F87: 26 | G87: 23 | H87: 22 | I87: 21 | J87: 23 | K87: 20 | L87: 19 | M87: 16 | N87: 17 | O87: 18 | P87: 17 | Q87: 17 | R87: 16 | S87: 14
A88: CUP 16 - BAKSO | C88: Cup 16 - Bakso (pcs) | D88: pcs | E88: 1 | F88: 43 | G88: 12 | H88: 0 | I88: 0 | J88: 12 | K88: 22 | L88: 53 | M88: 32 | N88: 49 | O88: 18 | P88: 35 | Q88: 3 | R88: 10 | S88: 35
A89: CUP 16 - BAKSO | B89: 100356 | C89: CUP 16 - BAKSO | D89: PCS
A90: CUP SEALER - BAKSO | C90: Cup Sealer - Bakso (pack) | D90: pack | E90: 12 | F90: 0 | G90: 0 | I90: 10 | J90: 0 | K90: 0 | L90: 0 | M90: 0 | N90: 0 | O90: 10 | P90: 10 | Q90: 10 | R90: 10 | S90: 0
A91: CUP SEALER - BAKSO | C91: Cup Sealer - Bakso (pcs) | D91: pcs | E91: 1 | F91: 13 | G91: 13 | H91: 13 | I91: 0 | J91: 13 | K91: 13 | L91: 13 | M91: 13 | N91: 13 | O91: 3 | P91: 3 | Q91: 3 | R91: 3 | S91: 13
A92: CUP SEALER - BAKSO | B92: 100372 | C92: CUP SEALER - BAKSO | D92: PCS
A93: CUP SEALER BESAR | C93: Cup Selaer Besar (Pcs) | D93: Pcs | E93: 1
A94: CUP SEALER BESAR | B94: 200706 | C94: CUP SEALER BESAR | D94: PCS
A95: CUP SUNDAE - BAKSO | C95: Cup Sundae - Bakso (karton) | D95: karton | E95: 500 | F95: 7 | G95: 6 | H95: 10 | I95: 8 | J95: 6 | K95: 4 | L95: 8 | M95: 7 | N95: 6 | O95: 9 | P95: 8 | Q95: 7 | R95: 5 | S95: 4
A96: CUP SUNDAE - BAKSO | C96: Cup Sundae - Bakso (pack) | D96: pack | E96: 50 | F96: 20 | G96: 14 | H96: 5 | I96: 4 | J96: 9 | K96: 17 | L96: 20 | M96: 16 | N96: 13 | O96: 15 | P96: 15 | Q96: 11 | R96: 17 | S96: 14
A97: CUP SUNDAE - BAKSO | C97: Cup Sundae - Bakso (pcs) | D97: pcs | E97: 1 | F97: 75 | G97: 95 | H97: 0 | I97: 51 | J97: 98 | K97: 46 | L97: 59 | M97: 53 | N97: 73 | O97: 90 | P97: 81 | Q97: 58 | R97: 98 | S97: 117
A98: CUP SUNDAE - BAKSO | B98: 100370 | C98: CUP SUNDAE - BAKSO | D98: PCS
A99: DAUN BAWANG FRESH | C99: Daun Bawang Fresh (kg) | D99: kg | E99: 1000 | F99: 0 | G99: 0 | H99: 0 | I99: 0 | J99: 0 | K99: 0 | L99: 0 | M99: 0 | N99: 0 | O99: 0 | P99: 0 | Q99: 0 | R99: 0 | S99: 0
A100: DAUN BAWANG FRESH | C100: Daun Bawang Fresh (gr) | D100: gr | E100: 1 | F100: 3043 | G100: 3289 | H100: 5000 | I100: 3339 | J100: 3654 | K100: 3399 | L100: 3572 | M100: 4000 | N100: 6140 | O100: 7150 | P100: 5811 | Q100: 4940 | R100: 5183 | S100: 3281
...

Sheet INPUT BARANG MASUK
A1: NAMA BARANG | B1: KODE BARANG | C1: ITEM STOCK OPNAME | D1: SATUAN | E1: Konversi | F1: 1 | G1: 2 | H1: 3 | I1: 4 | J1: 5 | K1: 6 | L1: 7 | M1: 8 | N1: 9 | O1: 10 | P1: 11 | Q1: 12 | R1: 13 | S1: 14 | T1: 15 | U1: 16 | V1: 17 | W1: 18 | X1: 19 | Y1: 20 | Z1: 21 | AA1: 22 | AB1: 23 | AC1: 24 | AD1: 25 | AE1: 26 | AF1: 27 | AG1: 28 | AH1: 29 | AI1: 30 | AJ1: 31
A2: ADONAN GORENG MEKAR | C2: Adonan Goreng Mekar (karton) | D2: karton | E2: 15000 | J2: 9 | L2: 7 | M2: 3 | N2: =4 -> 4 | Q2: =7 -> 7 | S2: 4
A3: ADONAN GORENG MEKAR | C3: Adonan Goreng Mekar (pack) | D3: pack | E3: 1000 | H3: 13
A4: ADONAN GORENG MEKAR | C4: Adonan Goreng Mekar (gr) | D4: gr | E4: 1 | O4: 50000 | AL4: =13000 -> 13000
A5: ADONAN GORENG MEKAR | B5: 100434 | C5: ADONAN GORENG MEKAR | D5: GR
A6: AIR MINERAL BOTOL (V.20) | C6: stok air mineral kardus utuh (karton) | D6: karton | E6: 24 | G6: 55 | K6: =35 -> 35 | N6: =60 -> 60 | R6: 40
A7: AIR MINERAL BOTOL (V.20) | C7: sisa air mineral botol (botol) | D7: botol | E7: 1
A8: AIR MINERAL BOTOL (V.20) | B8: 100210 | C8: AIR MINERAL BOTOL (V.20) | D8: BOTOL
A9: ARANG BAKARAN | C9: Arang Bakaran (karton) | D9: karton | E9: 10000 | J9: 2
A10: ARANG BAKARAN | C10: Arang Bakaran (gr) | D10: gr | E10: 1
A11: ARANG BAKARAN | B11: 100351 | C11: ARANG BAKARAN | D11: GR
A12: AYAM KECAP | C12: Ayam Kecap (karton) | D12: karton | E12: 12000
A13: AYAM KECAP | C13: Ayam Kecap (pack) | D13: pack | E13: 1000
A14: AYAM KECAP | C14: Ayam Kecap (gr) | D14: gr | E14: 1
A15: AYAM KECAP | B15: 100386 | C15: AYAM KECAP | D15: GR
A16: BAKSO HALUS | C16: Bakso Halus (karton) | D16: karton | E16: 480 | J16: 35 | L16: 34 | N16: =192/12 -> 16 | Q16: =26 -> 26 | S16: 16
A17: BAKSO HALUS | C17: Bakso Halus (pack) | D17: pack | E17: 40 | H17: =456 -> 456 | O17: 432
A18: BAKSO HALUS | C18: Bakso Halus (Pcs) | D18: pcs | E18: 1
A19: BAKSO HALUS | B19: 100389 | C19: BAKSO HALUS | D19: PCS
A20: BAKSO URAT | C20: Bakso Urat (karton) | D20: karton | E20: 480 | F20: =40 -> 40 | J20: 21 | L20: 28 | N20: =72/12 -> 6 | Q20: =18 -> 18 | S20: 6
A21: BAKSO URAT | C21: Bakso Urat (pack) | D21: pack | E21: 40 | H21: =192 -> 192 | O21: 264
A22: BAKSO URAT | C22: Bakso Urat (pcs) | D22: pcs | E22: 1
A23: BAKSO URAT | B23: 100388 | C23: BAKSO URAT | D23: PCS
A24: BASIC POWDER | C24: Basic Powder (pack) | D24: pack | E24: 1000
A25: BASIC POWDER | C25: Basic Powder (gr) | D25: gr | E25: 1
A26: BASIC POWDER | B26: 100406 | C26: BASIC POWDER | D26: GR
A27: BASRENG | C27: Basreng (karton) | D27: karton | E27: 150 | J27: 32 | L27: 19 | M27: 46 | N27: =190/10 -> 19 | Q27: =22 -> 22 | S27: 19
A28: BASRENG | C28: Basreng (pack) | D28: pack | E28: 15 | H28: =350 -> 350 | O28: 190 | Q28: =168 -> 168
A29: BASRENG | C29: Basreng (pcs) | D29: pack | E29: 1
A30: BASRENG | B30: 100390 | C30: BASRENG | D30: PCS
A31: BAWANG MERAH GORENG | C31: Bawang Merah Goreng (karton) | D31: karton | E31: 7500 | H31: =3 -> 3
A32: BAWANG MERAH GORENG | C32: Bawang Merah Goreng (pack) | D32: pack | E32: 500
A33: BAWANG MERAH GORENG | C33: Bawang Merah Goreng (gr) | D33: gr | E33: 1 | L33: 15000 | O33: 20000 | S33: 10000
A34: BAWANG MERAH GORENG | B34: 100340 | C34: BAWANG MERAH GORENG | D34: GR
A35: BAWANG PUTIH GORENG (V.20) | C35: Bawang Putih Goreng (karton) | D35: karton | E35: 7500 | H35: =1 -> 1 | Q35: =1 -> 1
A36: BAWANG PUTIH GORENG (V.20) | C36: Bawang Putih Goreng (pack) | D36: pack | E36: 500
A37: BAWANG PUTIH GORENG (V.20) | C37: Bawang Putih Goreng (gr) | D37: gr | E37: 1 | O37: 7500
A38: BAWANG PUTIH GORENG (V.20) | B38: 100430 | C38: BAWANG PUTIH GORENG (V.20) | D38: GR
A39: BERAS PUTIH | C39: Beras Putih (Karung) | D39: karung | E39: 25000
A40: BERAS PUTIH | C40: Beras Putih (gr) | D40: gr | E40: 1
A41: BERAS PUTIH | B41: 100369 | C41: BERAS PUTIH | D41: GR
A42: BIANG KERING KUAH | C42: Biang Kering Kuah (pack) | D42: pack | E42: 810 | H42: =60 -> 60 | M42: 100 | S42: 60
A43: BIANG KERING KUAH | C43: Biang Kering Kuah (gr) | D43: gr | E43: 1
A44: BIANG KERING KUAH | B44: 100381 | C44: BIANG KERING KUAH | D44: GR
A45: BLUEBERRY SAUCE | C45: Blueberry Sauce (karton) | D45: karton | E45: 7740 | H45: =2 -> 2 | O45: 1 | S45: 1
A46: BLUEBERRY SAUCE | C46: Blueberry Sauce (pack) | D46: pack | E46: 1290
A47: BLUEBERRY SAUCE | C47: Blueberry Sauce (gr) | D47: gr | E47: 1
A48: BLUEBERRY SAUCE | B48: 100423 | C48: BLUEBERRY SAUCE | D48: GR
A49: BUBBLEGUM CRUMBLE | C49: Bubblegum Crumble (karton) | D49: karton | E49: 6000 | O49: 1
A50: BUBBLEGUM CRUMBLE | C50: Bubblegum Crumble (pack) | D50: pack | E50: 250
A51: BUBBLEGUM CRUMBLE | C51: Bubblegum Crumble (gr) | D51: gr | E51: 1
A52: BUBBLEGUM CRUMBLE | B52: 100422 | C52: BUBBLEGUM CRUMBLE | D52: GR
A53: BUBBLEGUM SAUCE | C53: Bubblegum Sauce (karton) | D53: karton | E53: 12000 | R53: 1 | S53: 1
A54: BUBBLEGUM SAUCE | C54: Bubblegum Sauce (pack) | D54: pack | E54: 100
A55: BUBBLEGUM SAUCE | C55: Bubblegum Sauce (gr) | D55: gr | E55: 1
A56: BUBBLEGUM SAUCE | B56: 100421 | C56: BUBBLEGUM SAUCE | D56: GR
A57: BUMBU BAKSO BAKAR (V.20) | C57: Bumbu Bakso Bakar (karton) | D57: karton | E57: 21000 | H57: =3 -> 3 | J57: 2 | L57: 3 | Q57: =2 -> 2
A58: BUMBU BAKSO BAKAR (V.20) | C58: Bumbu Bakso Bakar (pack) | D58: pack | E58: 1500
A59: BUMBU BAKSO BAKAR (V.20) | C59: Bumbu Bakso Bakar (gr) | D59: gr | E59: 1000 | O59: 42
A60: BUMBU BAKSO BAKAR (V.20) | B60: 100431 | C60: BUMBU BAKSO BAKAR (V.20) | D60: GR
A61: BUMBU PASTA KUAH (V.20) | C61: Bumbu Pasta Kuah (karton) | D61: karton | E61: 14000 | J61: 4 | M61: 1 | Q61: =2 -> 2
A62: BUMBU PASTA KUAH (V.20) | C62: Bumbu Pasta Kuah (pack) | D62: pack | E62: 1000 | H62: =14 -> 14 | K62: 70 | L62: 31 | N62: 14 | S62: 14
A63: BUMBU PASTA KUAH (V.20) | C63: Bumbu Pasta Kuah (gr) | D63: gr | E63: 1 | J63: S
A64: BUMBU PASTA KUAH (V.20) | B64: 100429 | C64: BUMBU PASTA KUAH (V.20) | D64: GR
A65: CABE RAWIT - RESTO (V.20) | C65: Sisa Cabe Utuh (gr) | D65: gr | E65: 1 | F65: 10000 | G65: 15000 | H65: =20000 -> 20000 | J65: 15000 | K65: 15000 | L65: 10000 | M65: 10000 | N65: =15000 -> 15000 | O65: 20000 | Q65: =15000 -> 15000 | R65: 10000
A66: CABE RAWIT - RESTO (V.20) | B66: 100219 | C66: CABE RAWIT - RESTO (V.20) | D66: GR
A67: CARAMEL CRUMB | C67: Caramel Crumb utuh (karton) | D67: karton | E67: 1800
A68: CARAMEL CRUMB | C68: Caramel Crumb utuh (botol) | D68: botol | E68: 60
A69: CARAMEL CRUMB | C69: Sisa caramel crumb (gr) | D69: gr | E69: 1
A70: CARAMEL CRUMB | B70: 100313 | C70: CARAMEL CRUMB | D70: GR
A71: CARAMEL SAUCE | C71: Caramel Sauce utuh (karton) | D71: karton | E71: 6000
A72: CARAMEL SAUCE | C72: Caramel Sauce utuh (botol) | D72: botol | E72: 1000
A73: CARAMEL SAUCE | C73: sisa Caramel Sauce (gr) | D73: gr | E73: 0.75142771
A74: CARAMEL SAUCE | B74: 100316 | C74: CARAMEL SAUCE | D74: ML
A75: CHEESECAKE BISKUIT | C75: Cheesecake Biskuit (karton) | D75: karton | E75: 4200 | S75: 1
A76: CHEESECAKE BISKUIT | C76: Cheesecake Biskuit (pack) | D76: pack | E76: 35
A77: CHEESECAKE BISKUIT | C77: Cheesecake Biskuit (gr) | D77: gr | E77: 1
A78: CHEESECAKE BISKUIT | B78: 100424 | C78: CHEESECAKE BISKUIT | D78: GR
A79: CUP 16 - BAKSO | C79: Cup 16 - Bakso (karton) | D79: karton | E79: 500
A80: CUP 16 - BAKSO | C80: Cup 16 - Bakso (pack) | D80: pack | E80: 50
A81: CUP 16 - BAKSO | C81: Cup 16 - Bakso (pcs) | D81: pcs | E81: 1
A82: CUP 16 - BAKSO | B82: 100356 | C82: CUP 16 - BAKSO | D82: PCS
A83: CUP SEALER - BAKSO | C83: Cup Sealer - Bakso (pack) | D83: pack | E83: 12
A84: CUP SEALER - BAKSO | C84: Cup Sealer - Bakso (pcs) | D84: pcs | E84: 1
A85: CUP SEALER - BAKSO | B85: 100372 | C85: CUP SEALER - BAKSO | D85: PCS
A86: CUP SEALER BESAR | C86: Cup Selaer Besar (Pcs) | D86: Pcs | E86: 1
A87: CUP SEALER BESAR | B87: 200706 | C87: CUP SEALER BESAR | D87: PCS
A88: CUP SUNDAE - BAKSO | C88: Cup Sundae - Bakso (karton) | D88: karton | E88: 500 | H88: =5 -> 5
A89: CUP SUNDAE - BAKSO | C89: Cup Sundae - Bakso (pack) | D89: pack | E89: 50
A90: CUP SUNDAE - BAKSO | C90: Cup Sundae - Bakso (pcs) | D90: pcs | E90: 1 | L90: 3000 | O90: 3000 | S90: 2000
A91: CUP SUNDAE - BAKSO | B91: 100370 | C91: CUP SUNDAE - BAKSO | D91: PCS
A92: DAUN BAWANG FRESH | C92: Daun Bawang Fresh (kg) | D92: kg | E92: 1000 | F92: 2 | G92: 3
A93: DAUN BAWANG FRESH | C93: Daun Bawang Fresh (gr) | D93: gr | E93: 1 | H93: =5000 -> 5000 | J93: 3000 | K93: 2000 | L93: 2000 | M93: 2000 | N93: =4000 -> 4000 | O93: 4000 | Q93: =2000 -> 2000 | R93: 2000
A94: DAUN BAWANG FRESH | B94: 100352 | C94: DAUN BAWANG FRESH | D94: GR
A95: DIPPING FINNA SACHET (V.20) | C95: sisa dipping finna sachet (karton) | D95: karton | E95: 5400 | F95: 4
A96: DIPPING FINNA SACHET (V.20) | C96: sisa dipping finna sachet (pcs) | D96: pcs | E96: 9
A97: DIPPING FINNA SACHET (V.20) | B97: 100228 | C97: DIPPING FINNA SACHET (V.20) | D97: GR
A98: ES TUBE v.20 - EXISTING STORE | C98: Es Tube V.20 - Existing Store (Kg) | D98: Kg | E98: 1
A99: ES TUBE v.20 - EXISTING STORE | B99: 410105 | C99: ES TUBE v.20 - EXISTING STORE | D99: KG
A100: FRUCTOSE SYRUP (V.20) | C100: Fructose Syrup (jurigen) | D100: jurigen | E100: 30000 | H100: =2 -> 2 | S100: 1
...

Sheet INPUT PENJUALAN 00
A1: Menu | B1: 1 | C1: 2 | D1: 3 | E1: 4 | F1: 5 | G1: 6 | H1: 7 | I1: 8 | J1: 9 | K1: 10 | L1: 11 | M1: 12 | N1: 13 | O1: 14 | P1: 15 | Q1: 16 | R1: 17 | S1: 18 | T1: 19 | U1: 20 | V1: 21 | W1: 22 | X1: 23 | Y1: 24 | Z1: 25 | AA1: 26 | AB1: 27 | AC1: 28 | AD1: 29 | AE1: 30 | AF1: 31
A2: |BAKSO BAKAR - DINE IN|
A3: BAKSO BAKAR LV 0 - DINE IN | B3: 147 | C3: 132 | D3: 169 | E3: 182 | F3: 111 | G3: 113 | H3: 98 | I3: 91 | J3: 135 | K3: 151 | L3: 187 | M3: 93 | N3: 105 | O3: 94
A4: BAKSO BAKAR LV 2 - DINE IN | B4: 279 | C4: 299 | D4: 342 | E4: 392 | F4: 288 | G4: 259 | H4: 269 | I4: 252 | J4: 286 | K4: 349 | L4: 352 | M4: 264 | N4: 242 | O4: 221
A5: BAKSO BAKAR LV 4 - DINE IN | B5: 88 | C5: 98 | D5: 90 | E5: 95 | F5: 90 | G5: 83 | H5: 72 | I5: 69 | J5: 73 | K5: 106 | L5: 97 | M5: 52 | N5: 60 | O5: 69
A6: BAKSO BAKAR LV 6 - DINE IN
A8: |BAKSO - DINE IN|
A9: BAKSO SUPER HALUS - DINE IN | B9: 411 | C9: 501 | D9: 567 | E9: 586 | F9: 388 | G9: 368 | H9: 383 | I9: 363 | J9: 405 | K9: 524 | L9: 627 | M9: 398 | N9: 377 | O9: 371
A10: BAKSO SUPER URAT - DINE IN | B10: 507 | C10: 507 | D10: 525 | E10: 594 | F10: 477 | G10: 454 | H10: 466 | I10: 463 | J10: 470 | K10: 627 | L10: 628 | M10: 452 | N10: 409 | O10: 425
A11: BAKSO SUPER CAMPUR - DINE IN | B11: 985 | C11: 1010 | D11: 1142 | E11: 1071 | F11: 909 | G11: 852 | H11: 934 | I11: 825 | J11: 926 | K11: 1091 | L11: 1233 | M11: 741 | N11: 806 | O11: 732
A13: |BAKSO GORENG - DINE IN|
A14: BASRENG - DINE IN | B14: 620 | C14: 615 | D14: 713 | E14: 741 | F14: 505 | G14: 527 | H14: 523 | I14: 476 | J14: 513 | K14: 675 | L14: 779 | M14: 477 | N14: 430 | O14: 455
A16: |BEVERAGES NESTLE - DINE IN|
A17: LEMON TEA ICE - DINE IN - RESTO BAKSO | B17: 329 | C17: 316 | D17: 338 | E17: 368 | F17: 312 | G17: 271 | H17: 349 | I17: 264 | J17: 326 | K17: 376 | L17: 388 | M17: 277 | N17: 287 | O17: 264
A18: ORANGE ICE - DINE IN - RESTO BAKSO | B18: 339 | C18: 385 | D18: 373 | E18: 435 | F18: 307 | G18: 362 | H18: 290 | I18: 296 | J18: 314 | K18: 498 | L18: 505 | M18: 253 | N18: 306 | O18: 291
A19: TEA ICE - DINE IN - RESTO BAKSO | B19: 496 | C19: 501 | D19: 616 | E19: 611 | F19: 481 | G19: 427 | H19: 421 | I19: 400 | J19: 481 | K19: 567 | L19: 691 | M19: 429 | N19: 391 | O19: 412
A21: |BAKSO BAKAR - TAKE AWAY|
A22: BAKSO BAKAR LV 0 - TAKE AWAY | B22: 40 | C22: 32 | D22: 26 | E22: 31 | F22: 6 | G22: 31 | H22: 14 | I22: 13 | J22: 31 | K22: 28 | L22: 23 | M22: 16 | N22: 22 | O22: 22
A23: BAKSO BAKAR LV 2 - TAKE AWAY | B23: 78 | C23: 40 | D23: 62 | E23: 49 | F23: 30 | G23: 45 | H23: 31 | I23: 39 | J23: 82 | K23: 45 | L23: 42 | M23: 30 | N23: 45 | O23: 32
A24: BAKSO BAKAR LV 4 - TAKE AWAY | B24: 17 | C24: 12 | D24: 14 | E24: 19 | F24: 12 | G24: 16 | H24: 9 | I24: 12 | J24: 11 | K24: 9 | L24: 12 | M24: 15 | N24: 12 | O24: 11
A25: BAKSO BAKAR LV 6 - TAKE AWAY
A27: |BAKSO - TAKE AWAY|
A28: BAKSO SUPER HALUS - TAKE AWAY | B28: 92 | C28: 69 | D28: 56 | E28: 85 | F28: 44 | G28: 90 | H28: 30 | I28: 74 | J28: 81 | K28: 70 | L28: 44 | M28: 59 | N28: 48 | O28: 73
A29: BAKSO SUPER URAT - TAKE AWAY | B29: 85 | C29: 65 | D29: 65 | E29: 67 | F29: 48 | G29: 53 | H29: 34 | I29: 55 | J29: 58 | K29: 66 | L29: 67 | M29: 44 | N29: 36 | O29: 61
A30: BAKSO SUPER CAMPUR - TAKE AWAY | B30: 212 | C30: 193 | D30: 292 | E30: 246 | F30: 129 | G30: 226 | H30: 171 | I30: 123 | J30: 248 | K30: 199 | L30: 199 | M30: 243 | N30: 156 | O30: 170
A32: |BAKSO GORENG - TAKE AWAY|
A33: BASRENG - TAKE AWAY | B33: 169 | C33: 123 | D33: 136 | E33: 140 | F33: 85 | G33: 143 | H33: 87 | I33: 91 | J33: 166 | K33: 95 | L33: 121 | M33: 85 | N33: 109 | O33: 120
A35: |BEVERAGES NESTLE - TAKE AWAY|
A36: LEMON TEA ICE - TAKE AWAY - RESTO BAKSO | B36: 9 | C36: 4 | D36: 8 | E36: 8 | F36: 6 | G36: 12 | H36: 2 | I36: 4 | J36: 10 | K36: 7 | L36: 8 | M36: 10 | N36: 8 | O36: 4
A37: ORANGE ICE - TAKE AWAY - RESTO BAKSO | B37: 9 | C37: 12 | D37: 9 | E37: 13 | F37: 5 | G37: 4 | H37: 5 | I37: 2 | J37: 6 | K37: 6 | L37: 7 | M37: 5 | N37: 9 | O37: 9
A38: TEA ICE - TAKE AWAY - RESTO BAKSO | B38: 11 | C38: 6 | D38: 14 | E38: 11 | F38: 14 | G38: 18 | H38: 9 | I38: 14 | J38: 11 | K38: 12 | L38: 16 | M38: 13 | N38: 20 | O38: 5
A40: |BEVERAGES - DINE IN/TAKE AWAY|
A41: AIR MINERAL BOTOL | B41: 348 | C41: 357 | D41: 393 | E41: 350 | F41: 293 | G41: 265 | H41: 297 | I41: 296 | J41: 284 | K41: 361 | L41: 393 | M41: 269 | N41: 270 | O41: 249
A42: COOKIES & CREAM SUNDAE - RESTO BAKSO | B42: 131 | C42: 140 | D42: 146 | E42: 172 | F42: 97 | G42: 108 | H42: 95 | I42: 103 | J42: 106 | K42: 131 | L42: 146 | M42: 92 | N42: 95 | O42: 81
A43: HAZELNUT CHOCO SUNDAE - RESTO BAKSO | B43: 140 | C43: 85 | D43: 99 | E43: 96 | F43: 69 | G43: 83 | H43: 70 | I43: 74 | J43: 52 | K43: 103 | L43: 99 | M43: 67 | N43: 58 | O43: 61
A44: MANGO KELLOGGS SUNDAE - RESTO BAKSO | B44: 70 | C44: 81 | D44: 78 | E44: 80 | F44: 62 | G44: 75 | H44: 61 | I44: 67 | J44: 41 | K44: 79 | L44: 85 | M44: 57 | N44: 47 | O44: 56
A45: VANILLA SUNDAE - RESTO BAKSO | B45: 53 | C45: 60 | D45: 70 | E45: 68 | F45: 49 | G45: 61 | H45: 48 | I45: 63 | J45: 49 | K45: 54 | L45: 74 | M45: 53 | N45: 39 | O45: 79
A46: BUBBLEGUM SUNDAE - RESTO BAKSO | B46: 97 | C46: 115 | D46: 136 | E46: 120 | F46: 85 | G46: 74 | H46: 91 | I46: 67 | J46: 68 | K46: 83 | L46: 119 | M46: 84 | N46: 83 | O46: 59
A47: BLUEBERRY CHEESECAKE SUNDAE - RESTO BAKSO | B47: 145 | C47: 117 | D47: 136 | E47: 134 | F47: 91 | G47: 104 | H47: 123 | I47: 97 | J47: 89 | K47: 116 | L47: 124 | M47: 109 | N47: 87 | O47: 88
A48: PISTACHIO KUNAFA SUNDAE - RESTO BAKSO | B48: 268 | C48: 266 | D48: 296 | E48: 319 | F48: 191 | G48: 200 | H48: 189 | I48: 201 | J48: 161 | K48: 232 | L48: 271 | M48: 205 | N48: 178 | O48: 162
A51: |PACKAGING - DINE IN/TAKE AWAY|
A52: PAPER BOX - BAKSO | B52: 8 | C52: 28 | D52: 21 | E52: 11 | F52: 4 | G52: 13 | H52: 5 | I52: 9 | J52: 8 | K52: 21 | L52: 30 | M52: 5 | N52: 7 | O52: 0
A53: PAPER BOX-BAKSO (DIMSUM) | B53: 25 | C53: 46 | D53: 56 | E53: 24 | F53: 17 | G53: 22 | H53: 13 | I53: 24 | J53: 22 | K53: 25 | L53: 46 | M53: 11 | N53: 22 | O53: 15
A54: PAPER TRAY - BAKSO | B54: 0 | C54: 0 | D54: 0 | E54: 0 | F54: 0 | G54: 0 | H54: 0 | I54: 0 | J54: 0 | K54: 0 | L54: 0 | M54: 0 | N54: 0 | O54: 0
A55: CUP 16 - BAKSO | C55: 12 | D55: 5 | E55: 5 | F55: 5 | G55: 1 | H55: 0 | I55: 3 | J55: 4 | K55: 4 | L55: 2 | M55: 5 | N55: 4 | O55: 2

Sheet REKAP MENTAH
A1: KATEGORI | B1: SOURCE DATA | C1: JENIS | D1: STATUS | E1: NAMA BARANG | F1: KETERANGAN | G1: PENYEBAB TERJADINYA WASTE | H1: SATUAN | I1: 1 | J1: 2 | K1: 3 | L1: 4 | M1: 5 | N1: 6 | O1: 7 | P1: 8 | Q1: 9 | R1: 10 | S1: 11 | T1: 12 | U1: 13 | V1: 14 | W1: 15 | X1: 16 | Y1: 17 | Z1: 18 | AA1: 19 | AB1: 20 | AC1: 21 | AD1: 22 | AE1: 23 | AF1: 24 | AG1: 25 | AH1: 26 | AI1: 27 | AJ1: 28 | AK1: 29 | AL1: 30 | AM1: 31
A2: BEBAN GAS - RESTO | B2: INPUT BARANG KELUAR | C2: BARANG KELUAR | D2: USAGE | E2: LPG 12KG | F2: BARANG KELUAR | H2: TABUNG | I2: 0 | J2: 0 | K2: 0 | L2: 0 | M2: 0 | N2: 0 | O2: 0 | P2: 0 | Q2: 0 | R2: 0 | S2: 0 | T2: 0 | U2: 0 | V2: 0 | W2: 0 | X2: 0 | Y2: 0 | Z2: 0 | AA2: 0 | AB2: 0 | AC2: 0 | AD2: 0 | AE2: 0 | AF2: 0 | AG2: 0 | AH2: 0 | AI2: 0 | AJ2: 0 | AK2: 0 | AL2: 0 | AM2: 0
A3: BEBAN GAS - RESTO | B3: INPUT BARANG MASUK | C3: BARANG MASUK | D3: USAGE | E3: LPG 12KG | F3: BARANG MASUK | H3: TABUNG | I3: 0 | J3: 0 | K3: 0 | L3: 0 | M3: 0 | N3: 0 | O3: 0 | P3: 0 | Q3: 0 | R3: 0 | S3: 0 | T3: 0 | U3: 0 | V3: 0 | W3: 0 | X3: 0 | Y3: 0 | Z3: 0 | AA3: 0 | AB3: 0 | AC3: 0 | AD3: 0 | AE3: 0 | AF3: 0 | AG3: 0 | AH3: 0 | AI3: 0 | AJ3: 0 | AK3: 0 | AL3: 0 | AM3: 0
A4: BEBAN GAS - RESTO | B4: INPUT SO HARIAN | C4: SO | D4: USAGE | E4: LPG 12KG | F4: SO | H4: TABUNG | I4: 0 | J4: 0 | K4: 0 | L4: 0 | M4: 0 | N4: 0 | O4: 0 | P4: 0 | Q4: 0 | R4: 0 | S4: 0 | T4: 0 | U4: 0 | V4: 0 | W4: 0 | X4: 0 | Y4: 0 | Z4: 0 | AA4: 0 | AB4: 0 | AC4: 0 | AD4: 0 | AE4: 0 | AF4: 0 | AG4: 0 | AH4: 0 | AI4: 0 | AJ4: 0 | AK4: 0 | AL4: 0 | AM4: 0
A5: BEBAN GAS - RESTO | B5: STOCK AWAL | C5: STOCK AWAL | D5: USAGE | E5: LPG 12KG | F5: STOK AWAL | H5: TABUNG | I5: 0 | J5: 0 | K5: 0 | L5: 0 | M5: 0 | N5: 0 | O5: 0 | P5: 0 | Q5: 0 | R5: 0 | S5: 0 | T5: 0 | U5: 0 | V5: 0 | W5: 0 | X5: 0 | Y5: 0 | Z5: 0 | AA5: 0 | AB5: 0 | AC5: 0 | AD5: 0 | AE5: 0 | AF5: 0 | AG5: 0 | AH5: 0 | AI5: 0 | AJ5: 0 | AK5: 0 | AL5: 0 | AM5: 0
A6: Beban ATK - Resto | B6: INPUT BARANG KELUAR | C6: BARANG KELUAR | D6: USAGE | E6: KERTAS THERMAL | F6: BARANG KELUAR | H6: PCS | I6: 0 | J6: 0 | K6: 0 | L6: 0 | M6: 0 | N6: 0 | O6: 0 | P6: 0 | Q6: 0 | R6: 0 | S6: 0 | T6: 0 | U6: 0 | V6: 0 | W6: 0 | X6: 0 | Y6: 0 | Z6: 0 | AA6: 0 | AB6: 0 | AC6: 0 | AD6: 0 | AE6: 0 | AF6: 0 | AG6: 0 | AH6: 0 | AI6: 0 | AJ6: 0 | AK6: 0 | AL6: 0 | AM6: 0
A7: Beban ATK - Resto | B7: INPUT BARANG MASUK | C7: BARANG MASUK | D7: USAGE | E7: KERTAS THERMAL | F7: BARANG MASUK | H7: PCS | I7: 0 | J7: 0 | K7: 0 | L7: 0 | M7: 0 | N7: 0 | O7: 0 | P7: 0 | Q7: 0 | R7: 50 | S7: 0 | T7: 0 | U7: 0 | V7: 0 | W7: 0 | X7: 0 | Y7: 0 | Z7: 0 | AA7: 0 | AB7: 0 | AC7: 0 | AD7: 0 | AE7: 0 | AF7: 0 | AG7: 0 | AH7: 0 | AI7: 0 | AJ7: 0 | AK7: 0 | AL7: 0 | AM7: 0
A8: Beban ATK - Resto | B8: INPUT SO HARIAN | C8: SO | D8: USAGE | E8: KERTAS THERMAL | F8: SO | H8: PCS | I8: 109 | J8: 112 | K8: 104 | L8: 143 | M8: 88 | N8: 84 | O8: 80 | P8: 83 | Q8: 83 | R8: 129 | S8: 122 | T8: 120 | U8: 116 | V8: 109 | W8: 0 | X8: 0 | Y8: 0 | Z8: 0 | AA8: 0 | AB8: 0 | AC8: 0 | AD8: 0 | AE8: 0 | AF8: 0 | AG8: 0 | AH8: 0 | AI8: 0 | AJ8: 0 | AK8: 0 | AL8: 0 | AM8: 0
A9: Beban ATK - Resto | B9: STOCK AWAL | C9: STOCK AWAL | D9: USAGE | E9: KERTAS THERMAL | F9: STOK AWAL | H9: PCS | I9: 120 | J9: 0 | K9: 0 | L9: 0 | M9: 0 | N9: 0 | O9: 0 | P9: 0 | Q9: 0 | R9: 0 | S9: 0 | T9: 0 | U9: 0 | V9: 0 | W9: 0 | X9: 0 | Y9: 0 | Z9: 0 | AA9: 0 | AB9: 0 | AC9: 0 | AD9: 0 | AE9: 0 | AF9: 0 | AG9: 0 | AH9: 0 | AI9: 0 | AJ9: 0 | AK9: 0 | AL9: 0 | AM9: 0
A10: Beban Kebersihan - Resto | B10: INPUT BARANG KELUAR | C10: BARANG KELUAR | D10: USAGE | E10: HAND GLOVE KARET | F10: BARANG KELUAR | H10: PCS | I10: 800 | J10: 0 | K10: 0 | L10: 0 | M10: 0 | N10: 0 | O10: 0 | P10: 0 | Q10: 0 | R10: 0 | S10: 0 | T10: 0 | U10: 0 | V10: 0 | W10: 0 | X10: 0 | Y10: 0 | Z10: 0 | AA10: 0 | AB10: 0 | AC10: 0 | AD10: 0 | AE10: 0 | AF10: 0 | AG10: 0 | AH10: 0 | AI10: 0 | AJ10: 0 | AK10: 0 | AL10: 0 | AM10: 0
A11: Beban Kebersihan - Resto | B11: INPUT BARANG KELUAR | C11: BARANG KELUAR | D11: USAGE | E11: HAND GLOVE PLASTIK | F11: BARANG KELUAR | H11: PCS | I11: 0 | J11: 0 | K11: 0 | L11: 0 | M11: 0 | N11: 0 | O11: 0 | P11: 0 | Q11: 0 | R11: 0 | S11: 0 | T11: 0 | U11: 0 | V11: 0 | W11: 0 | X11: 0 | Y11: 0 | Z11: 0 | AA11: 0 | AB11: 0 | AC11: 0 | AD11: 0 | AE11: 0 | AF11: 0 | AG11: 0 | AH11: 0 | AI11: 0 | AJ11: 0 | AK11: 0 | AL11: 0 | AM11: 0
A12: Beban Kebersihan - Resto | B12: INPUT BARANG KELUAR | C12: BARANG KELUAR | D12: USAGE | E12: HANDSANITIZER | F12: BARANG KELUAR | H12: JURIGEN | I12: 0 | J12: 0 | K12: 0 | L12: 0 | M12: 0 | N12: 0 | O12: 0 | P12: 0 | Q12: 0 | R12: 0 | S12: 0 | T12: 0 | U12: 0 | V12: 0 | W12: 0 | X12: 0 | Y12: 0 | Z12: 0 | AA12: 0 | AB12: 0 | AC12: 0 | AD12: 0 | AE12: 0 | AF12: 0 | AG12: 0 | AH12: 0 | AI12: 0 | AJ12: 0 | AK12: 0 | AL12: 0 | AM12: 0
A13: Beban Kebersihan - Resto | B13: INPUT BARANG KELUAR | C13: BARANG KELUAR | D13: USAGE | E13: HANDSOAP | F13: BARANG KELUAR | H13: JURIGEN | I13: 0 | J13: 0 | K13: 0 | L13: 0 | M13: 0 | N13: 0 | O13: 0 | P13: 0 | Q13: 0 | R13: 0 | S13: 0 | T13: 0 | U13: 0 | V13: 0 | W13: 0 | X13: 0 | Y13: 0 | Z13: 0 | AA13: 0 | AB13: 0 | AC13: 0 | AD13: 0 | AE13: 0 | AF13: 0 | AG13: 0 | AH13: 0 | AI13: 0 | AJ13: 0 | AK13: 0 | AL13: 0 | AM13: 0
... A274: Biaya Packaging - RESTO | B274: TRIAL PORSI | C274: TRIAL | D274: DEVIASI | E274: KLIP PE 4 X 6 | F274: TRIAL | H274: LEMBAR | I274: 0 | J274: 0 | K274: 0 | L274: 0 | M274: 0 | N274: 0 | O274: 0 | P274: 0 | Q274: 0 | R274: 0 | S274: 0 | T274: 0 | U274: 0 | V274: 0 | W274: 0 | X274: 0 | Y274: 0 | Z274: 0 | AA274: 0 | AB274: 0 | AC274: 0 | AD274: 0 | AE274: 0 | AF274: 0 | AG274: 0 | AH274: 0 | AI274: 0 | AJ274: 0 | AK274: 0 | AL274: 0 | AM274: 0
A275: Biaya Packaging - RESTO | B275: WASTE BAHAN DAN PACKAGING | C275: WASTE | D275: DEVIASI | E275: CUP 16 - BAKSO | F275: Alat/ Mesin | G275: CUP 16 - BAKSO Karena Alat/ Mesin | H275: PCS | I275: 0 | J275: 0 | K275: 0 | L275: 0 | M275: 0 | N275: 0 | O275: 0 | P275: 0 | Q275: 0 | R275: 0 | S275: 0 | T275: 0 | U275: 0 | V275: 0 | W275: 0 | X275: 0 | Y275: 0 | Z275: 0 | AA275: 0 | AB275: 0 | AC275: 0 | AD275: 0 | AE275: 0 | AF275: 0 | AG275: 0 | AH275: 0 | AI275: 0 | AJ275: 0 | AK275: 0 | AL275: 0 | AM275: 0
A276: Biaya Packaging - RESTO | B276: WASTE BAHAN DAN PACKAGING | C276: WASTE | D276: DEVIASI | E276: CUP 16 - BAKSO | F276: Handling | G276: CUP 16 - BAKSO Karena Handling | H276: PCS | I276: 0 | J276: 0 | K276: 0 | L276: 0 | M276: 0 | N276: 0 | O276: 0 | P276: 0 | Q276: 0 | R276: 0 | S276: 0 | T276: 0 | U276: 0 | V276: 0 | W276: 0 | X276: 0 | Y276: 0 | Z276: 0 | AA276: 0 | AB276: 0 | AC276: 0 | AD276: 0 | AE276: 0 | AF276: 0 | AG276: 0 | AH276: 0 | AI276: 0 | AJ276: 0 | AK276: 0 | AL276: 0 | AM276: 0
A277: Biaya Packaging - RESTO | B277: WASTE BAHAN DAN PACKAGING | C277: WASTE | D277: DEVIASI | E277: CUP 16 - BAKSO | F277: Kualitas Internal | G277: CUP 16 - BAKSO Karena Kualitas Internal | H277: PCS | I277: 0 | J277: 0 | K277: 0 | L277: 0 | M277: 0 | N277: 0 | O277: 0 | P277: 0 | Q277: 0 | R277: 0 | S277: 0 | T277: 0 | U277: 0 | V277: 0 | W277: 0 | X277: 0 | Y277: 0 | Z277: 0 | AA277: 0 | AB277: 0 | AC277: 0 | AD277: 0 | AE277: 0 | AF277: 0 | AG277: 0 | AH277: 0 | AI277: 0 | AJ277: 0 | AK277: 0 | AL277: 0 | AM277: 0
A278: Biaya Packaging - RESTO | B278: WASTE BAHAN DAN PACKAGING | C278: WASTE | D278: DEVIASI | E278: CUP 16 - BAKSO | F278: Over Stock | G278: CUP 16 - BAKSO Karena Over Stock | H278: PCS | I278: 0 | J278: 0 | K278: 0 | L278: 0 | M278: 0 | N278: 0 | O278: 0 | P278: 0 | Q278: 0 | R278: 0 | S278: 0 | T278: 0 | U278: 0 | V278: 0 | W278: 0 | X278: 0 | Y278: 0 | Z278: 0 | AA278: 0 | AB278: 0 | AC278: 0 | AD278: 0 | AE278: 0 | AF278: 0 | AG278: 0 | AH278: 0 | AI278: 0 | AJ278: 0 | AK278: 0 | AL278: 0 | AM278: 0
A279: Biaya Packaging - RESTO | B279: WASTE BAHAN DAN PACKAGING | C279: WASTE | D279: DEVIASI | E279: CUP SUNDAE - BAKSO | F279: Alat/ Mesin | G279: CUP SUNDAE - BAKSO Karena Alat/ Mesin | H279: PCS | I279: 0 | J279: 0 | K279: 0 | L279: 0 | M279: 0 | N279: 0 | O279: 0 | P279: 0 | Q279: 0 | R279: 0 | S279: 0 | T279: 0 | U279: 0 | V279: 0 | W279: 0 | X279: 0 | Y279: 0 | Z279: 0 | AA279: 0 | AB279: 0 | AC279: 0 | AD279: 0 | AE279: 0 | AF279: 0 | AG279: 0 | AH279: 0 | AI279: 0 | AJ279: 0 | AK279: 0 | AL279: 0 | AM279: 0
A280: Biaya Packaging - RESTO | B280: WASTE BAHAN DAN PACKAGING | C280: WASTE | D280: DEVIASI | E280: CUP SUNDAE - BAKSO | F280: Handling | G280: CUP SUNDAE - BAKSO Karena Handling | H280: PCS | I280: 0 | J280: 0 | K280: 0 | L280: 0 | M280: 0 | N280: 0 | O280: 0 | P280: 0 | Q280: 0 | R280: 0 | S280: 0 | T280: 0 | U280: 0 | V280: 0 | W280: 0 | X280: 0 | Y280: 0 | Z280: 0 | AA280: 0 | AB280: 0 | AC280: 0 | AD280: 0 | AE280: 0 | AF280: 0 | AG280: 0 | AH280: 0 | AI280: 0 | AJ280: 0 | AK280: 0 | AL280: 0 | AM280: 0
A281: Biaya Packaging - RESTO | B281: WASTE BAHAN DAN PACKAGING | C281: WASTE | D281: DEVIASI | E281: CUP SUNDAE - BAKSO | F281: Kualitas Internal | G281: CUP SUNDAE - BAKSO Karena Kualitas Internal | H281: PCS | I281: 0 | J281: 0 | K281: 0 | L281: 0 | M281: 0 | N281: 0 | O281: 0 | P281: 0 | Q281: 0 | R281: 0 | S281: 0 | T281: 0 | U281: 0 | V281: 0 | W281: 0 | X281: 0 | Y281: 0 | Z281: 0 | AA281: 0 | AB281: 0 | AC281: 0 | AD281: 0 | AE281: 0 | AF281: 0 | AG281: 0 | AH281: 0 | AI281: 0 | AJ281: 0 | AK281: 0 | AL281: 0 | AM281: 0
A282: Biaya Packaging - RESTO | B282: WASTE BAHAN DAN PACKAGING | C282: WASTE | D282: DEVIASI | E282: CUP SUNDAE - BAKSO | F282: Over Stock | G282: CUP SUNDAE - BAKSO Karena Over Stock | H282: PCS | I282: 0 | J282: 0 | K282: 0 | L282: 0 | M282: 0 | N282: 0 | O282: 0 | P282: 0 | Q282: 0 | R282: 0 | S282: 0 | T282: 0 | U282: 0 | V282: 0 | W282: 0 | X282: 0 | Y282: 0 | Z282: 0 | AA282: 0 | AB282: 0 | AC282: 0 | AD282: 0 | AE282: 0 | AF282: 0 | AG282: 0 | AH282: 0 | AI282: 0 | AJ282: 0 | AK282: 0 | AL282: 0 | AM282: 0
A283: Biaya Packaging - RESTO | B283: WASTE BAHAN DAN PACKAGING | C283: WASTE | D283: DEVIASI | E283: GARPU PLASTIK PS | F283: Alat/ Mesin | G283: GARPU PLASTIK PS Karena Alat/ Mesin | H283: PCS | I283: 0 | J283: 0 | K283: 0 | L283: 0 | M283: 0 | N283: 0 | O283: 0 | P283: 0 | Q283: 0 | R283: 0 | S283: 0 | T283: 0 | U283: 0 | V283: 0 | W283: 0 | X283: 0 | Y283: 0 | Z283: 0 | AA283: 0 | AB283: 0 | AC283: 0 | AD283: 0 | AE283: 0 | AF283: 0 | AG283: 0 | AH283: 0 | AI283: 0 | AJ283: 0 | AK283: 0 | AL283: 0 | AM283: 0
A284: Biaya Packaging - RESTO | B284: WASTE BAHAN DAN PACKAGING | C284: WASTE | D284: DEVIASI | E284: GARPU PLASTIK PS | F284: Handling | G284: GARPU PLASTIK PS Karena Handling | H284: PCS | I284: 0 | J284: 0 | K284: 0 | L284: 0 | M284: 0 | N284: 0 | O284: 0 | P284: 0 | Q284: 0 | R284: 0 | S284: 0 | T284: 0 | U284: 0 | V284: 0 | W284: 0 | X284: 0 | Y284: 0 | Z284: 0 | AA284: 0 | AB284: 0 | AC284: 0 | AD284: 0 | AE284: 0 | AF284: 0 | AG284: 0 | AH284: 0 | AI284: 0 | AJ284: 0 | AK284: 0 | AL284: 0 | AM284: 0
A285: Biaya Packaging - RESTO | B285: WASTE BAHAN DAN PACKAGING | C285: WASTE | D285: DEVIASI | E285: GARPU PLASTIK PS | F285: Kualitas Internal | G285: GARPU PLASTIK PS Karena Kualitas Internal | H285: PCS | I285: 0 | J285: 0 | K285: 0 | L285: 0 | M285: 0 | N285: 0 | O285: 0 | P285: 0 | Q285: 0 | R285: 0 | S285: 0 | T285: 0 | U285: 0 | V285: 0 | W285: 0 | X285: 0 | Y285: 0 | Z285: 0 | AA285: 0 | AB285: 0 | AC285: 0 | AD285: 0 | AE285: 0 | AF285: 0 | AG285: 0 | AH285: 0 | AI285: 0 | AJ285: 0 | AK285: 0 | AL285: 0 | AM285: 0
A286: Biaya Packaging - RESTO | B286: WASTE BAHAN DAN PACKAGING | C286: WASTE | D286: DEVIASI | E286: GARPU PLASTIK PS | F286: Over Stock | G286: GARPU PLASTIK PS Karena Over Stock | H286: PCS | I286: 0 | J286: 0 | K286: 0 | L286: 0 | M286: 0 | N286: 0 | O286: 0 | P286: 0 | Q286: 0 | R286: 0 | S286: 0 | T286: 0 | U286: 0 | V286: 0 | W286: 0 | X286: 0 | Y286: 0 | Z286: 0 | AA286: 0 | AB286: 0 | AC286: 0 | AD286: 0 | AE286: 0 | AF286: 0 | AG286: 0 | AH286: 0 | AI286: 0 | AJ286: 0 | AK286: 0 | AL286: 0 | AM286: 0
... A379: Biaya Packaging - RESTO | B379: WASTEPORSI DINEIN KARNAHANDLING | C379: WASTE | D379: DEVIASI | E379: PLASTIK HDPE 12 X 25 | F379: Handling | G379: PLASTIK HDPE 12 X 25 Karena Handling | H379: PCS | I379: 0 | J379: 0 | K379: 0 | L379: 0 | M379: 0 | N379: 0 | O379: 0 | P379: 0 | Q379: 0 | R379: 0 | S379: 0 | T379: 0 | U379: 0 | V379: 0 | W379: 0 | X379: 0 | Y379: 0 | Z379: 0 | AA379: 0 | AB379: 0 | AC379: 0 | AD379: 0 | AE379: 0 | AF379: 0 | AG379: 0 | AH379: 0 | AI379: 0 | AJ379: 0 | AK379: 0 | AL379: 0 | AM379: 0
A380: COM CONSUME - RESTO | B380: INPUT BARANG KELUAR | C380: BARANG KELUAR | D380: USAGE | E380: ARANG BAKARAN | F380: BARANG KELUAR | H380: GR | I380: 0 | J380: 0 | K380: 0 | L380: 0 | M380: 0 | N380: 0 | O380: 0 | P380: 0 | Q380: 0 | R380: 0 | S380: 0 | T380: 0 | U380: 0 | V380: 0 | W380: 0 | X380: 0 | Y380: 0 | Z380: 0 | AA380: 0 | AB380: 0 | AC380: 0 | AD380: 0 | AE380: 0 | AF380: 0 | AG380: 0 | AH380: 0 | AI380: 0 | AJ380: 0 | AK380: 0 | AL380: 0 | AM380: 0
A381: COM CONSUME - RESTO | B381: INPUT BARANG KELUAR | C381: BARANG KELUAR | D381: USAGE | E381: MINYAK GORENG - RESTO (v.20) | F381: BARANG KELUAR | H381: GR | I381: 0 | J381: 0 | K381: 0 | L381: 0 | M381: 0 | N381: 0 | O381: 0 | P381: 0 | Q381: 0 | R381: 0 | S381: 0 | T381: 0 | U381: 0 | V381: 0 | W381: 0 | X381: 0 | Y381: 0 | Z381: 0 | AA381: 0 | AB381: 0 | AC381: 0 | AD381: 0 | AE381: 0 | AF381: 0 | AG381: 0 | AH381: 0 | AI381: 0 | AJ381: 0 | AK381: 0 | AL381: 0 | AM381: 0
A382: COM CONSUME - RESTO | B382: INPUT BARANG MASUK | C382: BARANG MASUK | D382: USAGE | E382: ARANG BAKARAN | F382: BARANG MASUK | H382: GR | I382: 0 | J382: 0 | K382: 0 | L382: 0 | M382: 20000 | N382: 0 | O382: 0 | P382: 0 | Q382: 0 | R382: 0 | S382: 0 | T382: 0 | U382: 0 | V382: 0 | W382: 0 | X382: 0 | Y382: 0 | Z382: 0 | AA382: 0 | AB382: 0 | AC382: 0 | AD382: 0 | AE382: 0 | AF382: 0 | AG382: 0 | AH382: 0 | AI382: 0 | AJ382: 0 | AK382: 0 | AL382: 0 | AM382: 0
A383: COM CONSUME - RESTO | B383: INPUT BARANG MASUK | C383: BARANG MASUK | D383: USAGE | E383: MINYAK GORENG - RESTO (v.20) | F383: BARANG MASUK | H383: GR | I383: 0 | J383: 0 | K383: 0 | L383: 0 | M383: 0 | N383: 0 | O383: 0 | P383: 0 | Q383: 0 | R383: 0 | S383: 0 | T383: 0 | U383: 0 | V383: 194400 | W383: 0 | X383: 0 | Y383: 0 | Z383: 0 | AA383: 0 | AB383: 0 | AC383: 0 | AD383: 0 | AE383: 0 | AF383: 0 | AG383: 0 | AH383: 0 | AI383: 0 | AJ383: 0 | AK383: 0 | AL383: 0 | AM383: 0
A384: COM CONSUME - RESTO | B384: INPUT SO HARIAN | C384: SO | D384: USAGE | E384: ARANG BAKARAN | F384: SO | H384: GR | I384: 553860 | J384: 526460 | K384: 496270 | L384: 465440 | M384: 435457 | N384: 395933 | O384: 371602 | P384: 344455 | Q384: 311391 | R384: 279660 | S384: 250145 | T384: 226499 | U384: 20353 | V384: 153000 | W384: 0 | X384: 0 | Y384: 0 | Z384: 0 | AA384: 0 | AB384: 0 | AC384: 0 | AD384: 0 | AE384: 0 | AF384: 0 | AG384: 0 | AH384: 0 | AI384: 0 | AJ384: 0 | AK384: 0 | AL384: 0 | AM384: 0
A385: COM CONSUME - RESTO | B385: INPUT SO HARIAN | C385: SO | D385: USAGE | E385: MINYAK GORENG - RESTO (v.20) | F385: SO | H385: GR | I385: 619600 | J385: 586080 | K385: 647450 | L385: 623740 | M385: 523260 | N385: 594025 | O385: 545950 | P385: 506323 | Q385: 511940 | R385: 432055 | S385: 443290 | T385: 155350 | U385: 399250 | V385: 614520 | W385: 0 | X385: 0 | Y385: 0 | Z385: 0 | AA385: 0 | AB385: 0 | AC385: 0 | AD385: 0 | AE385: 0 | AF385: 0 | AG385: 0 | AH385: 0 | AI385: 0 | AJ385: 0 | AK385: 0 | AL385: 0 | AM385: 0
A386: COM CONSUME - RESTO | B386: STOCK AWAL | C386: STOCK AWAL | D386: USAGE | E386: ARANG BAKARAN | F386: STOK AWAL | H386: GR | I386: 585017 | J386: 0 | K386: 0 | L386: 0 | M386: 0 | N386: 0 | O386: 0 | P386: 0 | Q386: 0 | R386: 0 | S386: 0 | T386: 0 | U386: 0 | V386: 0 | W386: 0 | X386: 0 | Y386: 0 | Z386: 0 | AA386: 0 | AB386: 0 | AC386: 0 | AD386: 0 | AE386: 0 | AF386: 0 | AG386: 0 | AH386: 0 | AI386: 0 | AJ386: 0 | AK386: 0 | AL386: 0 | AM386: 0
A387: COM CONSUME - RESTO | B387: STOCK AWAL | C387: STOCK AWAL | D387: USAGE | E387: MINYAK GORENG - RESTO (v.20) | F387: STOK AWAL | H387: GR | I387: 707480 | J387: 0 | K387: 0 | L387: 0 | M387: 0 | N387: 0 | O387: 0 | P387: 0 | Q387: 0 | R387: 0 | S387: 0 | T387: 0 | U387: 0 | V387: 0 | W387: 0 | X387: 0 | Y387: 0 | Z387: 0 | AA387: 0 | AB387: 0 | AC387: 0 | AD387: 0 | AE387: 0 | AF387: 0 | AG387: 0 | AH387: 0 | AI387: 0 | AJ387: 0 | AK387: 0 | AL387: 0 | AM387: 0
A388: COM CONSUME - RESTO | B388: SUSUT | C388: SUSUT | D388: USAGE | E388: MINYAK GORENG - RESTO (v.20) | F388: SUSUT | H388: GR | I388: 0 | J388: 0 | K388: 0 | L388: 0 | M388: 0 | N388: 0 | O388: 0 | P388: 0 | Q388: 0 | R388: 0 | S388: 0 | T388: 0 | U388: 0 | V388: 0 | W388: 0 | X388: 0 | Y388: 0 | Z388: 0 | AA388: 0 | AB388: 0 | AC388: 0 | AD388: 0 | AE388: 0 | AF388: 0 | AG388: 0 | AH388: 0 | AI388: 0 | AJ388: 0 | AK388: 0 | AL388: 0 | AM388: 0
A389: COM CONSUME - RESTO | B389: TRIAL BAHAN | C389: TRIAL | D389: USAGE | E389: MINYAK GORENG - RESTO (v.20) | F389: TRIAL | H389: GR | I389: 0 | J389: 0 | K389: 0 | L389: 0 | M389: 0 | N389: 0 | O389: 0 | P389: 0 | Q389: 0 | R389: 0 | S389: 0 | T389: 0 | U389: 0 | V389: 0 | W389: 0 | X389: 0 | Y389: 0 | Z389: 0 | AA389: 0 | AB389: 0 | AC389: 0 | AD389: 0 | AE389: 0 | AF389: 0 | AG389: 0 | AH389: 0 | AI389: 0 | AJ389: 0 | AK389: 0 | AL389: 0 | AM389: 0
A390: COM CONSUME - RESTO | B390: WASTE BAHAN DAN PACKAGING | C390: WASTE | D390: USAGE | E390: MINYAK GORENG - RESTO (v.20) | F390: Alat/ Mesin | G390: MINYAK GORENG - RESTO (v.20) Karena Alat/ Mesin | H390: GR | I390: 0 | J390: 0 | K390: 0 | L390: 0 | M390: 0 | N390: 0 | O390: 0 | P390: 0 | Q390: 0 | R390: 0 | S390: 0 | T390: 0 | U390: 0 | V390: 0 | W390: 0 | X390: 0 | Y390: 0 | Z390: 0 | AA390: 0 | AB390: 0 | AC390: 0 | AD390: 0 | AE390: 0 | AF390: 0 | AG390: 0 | AH390: 0 | AI390: 0 | AJ390: 0 | AK390: 0 | AL390: 0 | AM390: 0
A391: COM CONSUME - RESTO | B391: WASTE BAHAN DAN PACKAGING | C391: WASTE | D391: USAGE | E391: MINYAK GORENG - RESTO (v.20) | F391: Handling | G391: MINYAK GORENG - RESTO (v.20) Karena Handling | H391: GR | I391: 0 | J391: 0 | K391: 0 | L391: 0 | M391: 0 | N391: 0 | O391: 0 | P391: 0 | Q391: 0 | R391: 0 | S391: 0 | T391: 0 | U391: 0 | V391: 0 | W391: 0 | X391: 0 | Y391: 0 | Z391: 0 | AA391: 0 | AB391: 0 | AC391: 0 | AD391: 0 | AE391: 0 | AF391: 0 | AG391: 0 | AH391: 0 | AI391: 0 | AJ391: 0 | AK391: 0 | AL391: 0 | AM391: 0
A392: COM CONSUME - RESTO | B392: WASTE BAHAN DAN PACKAGING | C392: WASTE | D392: USAGE | E392: MINYAK GORENG - RESTO (v.20) | F392: Kualitas Internal | G392: MINYAK GORENG - RESTO (v.20) Karena Kualitas Internal | H392: GR | I392: 0 | J392: 0 | K392: 0 | L392: 0 | M392: 0 | N392: 0 | O392: 0 | P392: 0 | Q392: 0 | R392: 0 | S392: 0 | T392: 0 | U392: 0 | V392: 0 | W392: 0 | X392: 0 | Y392: 0 | Z392: 0 | AA392: 0 | AB392: 0 | AC392: 0 | AD392: 0 | AE392: 0 | AF392: 0 | AG392: 0 | AH392: 0 | AI392: 0 | AJ392: 0 | AK392: 0 | AL392: 0 | AM392: 0
A393: COM CONSUME - RESTO | B393: WASTE BAHAN DAN PACKAGING | C393: WASTE | D393: USAGE | E393: MINYAK GORENG - RESTO (v.20) | F393: Over Stock | G393: MINYAK GORENG - RESTO (v.20) Karena Over Stock | H393: GR | I393: 0 | J393: 0 | K393: 0 | L393: 0 | M393: 0 | N393: 0 | O393: 0 | P393: 0 | Q393: 0 | R393: 0 | S393: 0 | T393: 0 | U393: 0 | V393: 0 | W393: 0 | X393: 0 | Y393: 0 | Z393: 0 | AA393: 0 | AB393: 0 | AC393: 0 | AD393: 0 | AE393: 0 | AF393: 0 | AG393: 0 | AH393: 0 | AI393: 0 | AJ393: 0 | AK393: 0 | AL393: 0 | AM393: 0
A394: COM DEVIASI - RESTO | B394: INPUT BARANG KELUAR | C394: BARANG KELUAR | D394: DEVIASI | E394: ADONAN GORENG MEKAR | F394: BARANG KELUAR | H394: GR | I394: 0 | J394: 0 | K394: 0 | L394: 0 | M394: 0 | N394: 0 | O394: 0 | P394: 0 | Q394: 0 | R394: 69000 | S394: 0 | T394: 0 | U394: 0 | V394: 0 | W394: 0 | X394: 0 | Y394: 0 | Z394: 0 | AA394: 0 | AB394: 0 | AC394: 0 | AD394: 0 | AE394: 0 | AF394: 0 | AG394: 0 | AH394: 0 | AI394: 0 | AJ394: 0 | AK394: 0 | AL394: 0 | AM394: 0
A395: COM DEVIASI - RESTO | B395: INPUT BARANG KELUAR | C395: BARANG KELUAR | D395: DEVIASI | E395: AIR MINERAL BOTOL (V.20) | F395: BARANG KELUAR | H395: BOTOL | I395: 0 | J395: 0 | K395: 0 | L395: 0 | M395: 0 | N395: 0 | O395: 0 | P395: 0 | Q395: 0 | R395: 0 | S395: 0 | T395: 0 | U395: 0 | V395: 0 | W395: 0 | X395: 0 | Y395: 0 | Z395: 0 | AA395: 0 | AB395: 0 | AC395: 0 | AD395: 0 | AE395: 0 | AF395: 0 | AG395: 0 | AH395: 0 | AI395: 0 | AJ395: 0 | AK395: 0 | AL395: 0 | AM395: 0
A396: COM DEVIASI - RESTO | B396: INPUT BARANG KELUAR | C396: BARANG KELUAR | D396: DEVIASI | E396: AYAM KECAP | F396: BARANG KELUAR | H396: GR | I396: 0 | J396: 0 | K396: 0 | L396: 0 | M396: 0 | N396: 0 | O396: 0 | P396: 0 | Q396: 0 | R396: 0 | S396: 0 | T396: 0 | U396: 0 | V396: 0 | W396: 0 | X396: 0 | Y396: 0 | Z396: 0 | AA396: 0 | AB396: 0 | AC396: 0 | AD396: 0 | AE396: 0 | AF396: 0 | AG396: 0 | AH396: 0 | AI396: 0 | AJ396: 0 | AK396: 0 | AL396: 0 | AM396: 0
A397: COM DEVIASI - RESTO | B397: INPUT BARANG KELUAR | C397: BARANG KELUAR | D397: DEVIASI | E397: BAKSO HALUS | F397: BARANG KELUAR | H397: PCS | I397: 0 | J397: 0 | K397: 0 | L397: 0 | M397: 0 | N397: 0 | O397: 0 | P397: 0 | Q397: 0 | R397: 0 | S397: 0 | T397: 0 | U397: 0 | V397: 0 | W397: 0 | X397: 0 | Y397: 0 | Z397: 0 | AA397: 0 | AB397: 0 | AC397: 0 | AD397: 0 | AE397: 0 | AF397: 0 | AG397: 0 | AH397: 0 | AI397: 0 | AJ397: 0 | AK397: 0 | AL397: 0 | AM397: 0
A398: COM DEVIASI - RESTO | B398: INPUT BARANG KELUAR | C398: BARANG KELUAR | D398: DEVIASI | E398: BAKSO URAT | F398: BARANG KELUAR | H398: PCS | I398: 0 | J398: 0 | K398: 0 | L398: 0 | M398: 0 | N398: 0 | O398: 0 | P398: 0 | Q398: 0 | R398: 0 | S398: 0 | T398: 0 | U398: 0 | V398: 0 | W398: 0 | X398: 0 | Y398: 0 | Z398: 0 | AA398: 0 | AB398: 0 | AC398: 0 | AD398: 0 | AE398: 0 | AF398: 0 | AG398: 0 | AH398: 0 | AI398: 0 | AJ398: 0 | AK398: 0 | AL398: 0 | AM398: 0
A399: COM DEVIASI - RESTO | B399: INPUT BARANG KELUAR | C399: BARANG KELUAR | D399: DEVIASI | E399: BASIC POWDER | F399: BARANG KELUAR | H399: GR | I399: 0 | J399: 0 | K399: 0 | L399: 0 | M399: 0 | N399: 0 | O399: 0 | P399: 0 | Q399: 0 | R399: 0 | S399: 0 | T399: 0 | U399: 0 | V399: 0 | W399: 0 | X399: 0 | Y399: 0 | Z399: 0 | AA399: 0 | AB399: 0 | AC399: 0 | AD399: 0 | AE399: 0 | AF399: 0 | AG399: 0 | AH399: 0 | AI399: 0 | AJ399: 0 | AK399: 0 | AL399: 0 | AM399: 0
A400: COM DEVIASI - RESTO | B400: INPUT BARANG KELUAR | C400: BARANG KELUAR | D400: DEVIASI | E400: BASRENG | F400: BARANG KELUAR | H400: PCS | I400: 0 | J400: 0 | K400: 0 | L400: 0 | M400: 0 | N400: 0 | O400: 0 | P400: 0 | Q400: 0 | R400: 9810 | S400: 0 | T400: 0 | U400: 0 | V400: 0 | W400: 0 | X400: 0 | Y400: 0 | Z400: 0 | AA400: 0 | AB400: 0 | AC400: 0 | AD400: 0 | AE400: 0 | AF400: 0 | AG400: 0 | AH400: 0 | AI400: 0 | AJ400: 0 | AK400: 0 | AL400: 0 | AM400: 0
A401: COM DEVIASI - RESTO | B401: INPUT BARANG KELUAR | C401: BARANG KELUAR | D401: DEVIASI | E401: BAWANG MERAH GORENG | F401: BARANG KELUAR | H401: GR | I401: 0 | J401: 0 | K401: 0 | L401: 0 | M401: 0 | N401: 0 | O401: 0 | P401: 0 | Q401: 0 | R401: 0 | S401: 0 | T401: 0 | U401: 0 | V401: 0 | W401: 0 | X401: 0 | Y401: 0 | Z401: 0 | AA401: 0 | AB401: 0 | AC401: 0 | AD401: 0 | AE401: 0 | AF401: 0 | AG401: 0 | AH401: 0 | AI401: 0 | AJ401: 0 | AK401: 0 | AL401: 0 | AM401: 0
A402: COM DEVIASI - RESTO | B402: INPUT BARANG KELUAR | C402: BARANG KELUAR | D402: DEVIASI | E402: BAWANG PUTIH GORENG (V.20) | F402: BARANG KELUAR | H402: GR | I402: 0 | J402: 0 | K402: 0 | L402: 0 | M402: 0 | N402: 0 | O402: 0 | P402: 0 | Q402: 0 | R402: 0 | S402: 0 | T402: 0 | U402: 0 | V402: 0 | W402: 0 | X402: 0 | Y402: 0 | Z402: 0 | AA402: 0 | AB402: 0 | AC402: 0 | AD402: 0 | AE402: 0 | AF402: 0 | AG402: 0 | AH402: 0 | AI402: 0 | AJ402: 0 | AK402: 0 | AL402: 0 | AM402: 0
A403: COM DEVIASI - RESTO | B403: INPUT BARANG KELUAR | C403: BARANG KELUAR | D403: DEVIASI | E403: BERAS PUTIH | F403: BARANG KELUAR | H403: GR | I403: 0 | J403: 0 | K403: 0 | L403: 0 | M403: 0 | N403: 0 | O403: 0 | P403: 0 | Q403: 0 | R403: 0 | S403: 0 | T403: 0 | U403: 0 | V403: 0 | W403: 0 | X403: 0 | Y403: 0 | Z403: 0 | AA403: 0 | AB403: 0 | AC403: 0 | AD403: 0 | AE403: 0 | AF403: 0 | AG403: 0 | AH403: 0 | AI403: 0 | AJ403: 0 | AK403: 0 | AL403: 0 | AM403: 0
A404: COM DEVIASI - RESTO | B404: INPUT BARANG KELUAR | C404: BARANG KELUAR | D404: DEVIASI | E404: BIANG KERING KUAH | F404: BARANG KELUAR | H404: GR | I404: 0 | J404: 0 | K404: 0 | L404: 0 | M404: 0 | N404: 0 | O404: 0 | P404: 0 | Q404: 0 | R404: 0 | S404: 0 | T404: 0 | U404: 0 | V404: 0 | W404: 0 | X404: 0 | Y404: 0 | Z404: 0 | AA404: 0 | AB404: 0 | AC404: 0 | AD404: 0 | AE404: 0 | AF404: 0 | AG404: 0 | AH404: 0 | AI404: 0 | AJ404: 0 | AK404: 0 | AL404: 0 | AM404: 0
A405: COM DEVIASI - RESTO | B405: INPUT BARANG KELUAR | C405: BARANG KELUAR | D405: DEVIASI | E405: BLUEBERRY SAUCE | F405: BARANG KELUAR | H405: GR | I405: 0 | J405: 0 | K405: 0 | L405: 0 | M405: 0 | N405: 0 | O405: 0 | P405: 0 | Q405: 0 | R405: 0 | S405: 0 | T405: 0 | U405: 0 | V405: 0 | W405: 0 | X405: 0 | Y405: 0 | Z405: 0 | AA405: 0 | AB405: 0 | AC405: 0 | AD405: 0 | AE405: 0 | AF405: 0 | AG405: 0 | AH405: 0 | AI405: 0 | AJ405: 0 | AK405: 0 | AL405: 0 | AM405: 0
... A795: COM DEVIASI - RESTO | B795: TRIAL PORSI | C795: TRIAL | D795: DEVIASI | E795: VANILLA SOFT MIX ICE MIX (V.20) | F795: TRIAL | H795: ML | I795: 0 | J795: 0 | K795: 0 | L795: 0 | M795: 0 | N795: 0 | O795: 0 | P795: 0 | Q795: 0 | R795: 0 | S795: 0 | T795: 0 | U795: 0 | V795: 0 | W795: 0 | X795: 0 | Y795: 0 | Z795: 0 | AA795: 0 | AB795: 0 | AC795: 0 | AD795: 0 | AE795: 0 | AF795: 0 | AG795: 0 | AH795: 0 | AI795: 0 | AJ795: 0 | AK795: 0 | AL795: 0 | AM795: 0
A796: COM DEVIASI - RESTO | B796: WASTE BAHAN DAN PACKAGING | C796: WASTE | D796: DEVIASI | E796: ADONAN GORENG MEKAR | F796: Alat/ Mesin | G796: ADONAN GORENG MEKAR Karena Alat/ Mesin | H796: GR | I796: 0 | J796: 0 | K796: 0 | L796: 0 | M796: 0 | N796: 0 | O796: 0 | P796: 0 | Q796: 0 | R796: 0 | S796: 0 | T796: 0 | U796: 0 | V796: 0 | W796: 0 | X796: 0 | Y796: 0 | Z796: 0 | AA796: 0 | AB796: 0 | AC796: 0 | AD796: 0 | AE796: 0 | AF796: 0 | AG796: 0 | AH796: 0 | AI796: 0 | AJ796: 0 | AK796: 0 | AL796: 0 | AM796: 0
A797: COM DEVIASI - RESTO | B797: WASTE BAHAN DAN PACKAGING | C797: WASTE | D797: DEVIASI | E797: ADONAN GORENG MEKAR | F797: Alat/ Mesin | G797: ADONAN GORENG MEKAR Karena Alat/ Mesin dari Goreng Mekar | H797: GR | I797: 0 | J797: 0 | K797: 0 | L797: 0 | M797: 0 | N797: 0 | O797: 0 | P797: 0 | Q797: 0 | R797: 0 | S797: 0 | T797: 306 | U797: 0 | V797: 0 | W797: 0 | X797: 0 | Y797: 0 | Z797: 0 | AA797: 0 | AB797: 0 | AC797: 0 | AD797: 0 | AE797: 0 | AF797: 0 | AG797: 0 | AH797: 0 | AI797: 0 | AJ797: 0 | AK797: 0 | AL797: 0 | AM797: 0
A798: COM DEVIASI - RESTO | B798: WASTE BAHAN DAN PACKAGING | C798: WASTE | D798: DEVIASI | E798: ADONAN GORENG MEKAR | F798: Handling | G798: ADONAN GORENG MEKAR Karena Handling | H798: GR | I798: 0 | J798: 0 | K798: 0 | L798: 0 | M798: 0 | N798: 0 | O798: 0 | P798: 0 | Q798: 0 | R798: 0 | S798: 0 | T798: 0 | U798: 0 | V798: 0 | W798: 0 | X798: 0 | Y798: 0 | Z798: 0 | AA798: 0 | AB798: 0 | AC798: 0 | AD798: 0 | AE798: 0 | AF798: 0 | AG798: 0 | AH798: 0 | AI798: 0 | AJ798: 0 | AK798: 0 | AL798: 0 | AM798: 0
A799: COM DEVIASI - RESTO | B799: WASTE BAHAN DAN PACKAGING | C799: WASTE | D799: DEVIASI | E799: ADONAN GORENG MEKAR | F799: Handling | G799: ADONAN GORENG MEKAR Karena Handling dari Goreng Mekar | H799: GR | I799: 1904 | J799: 1819 | K799: 2057 | L799: 1768 | M799: 2074 | N799: 1088 | O799: 2873 | P799: 1802 | Q799: 1921 | R799: 0 | S799: 2040 | T799: 2414 | U799: 2329 | V799: 1054 | W799: 0 | X799: 0 | Y799: 0 | Z799: 0 | AA799: 0 | AB799: 0 | AC799: 0 | AD799: 0 | AE799: 0 | AF799: 0 | AG799: 0 | AH799: 0 | AI799: 0 | AJ799: 0 | AK799: 0 | AL799: 0 | AM799: 0
A800: COM DEVIASI - RESTO | B800: WASTE BAHAN DAN PACKAGING | C800: WASTE | D800: DEVIASI | E800: ADONAN GORENG MEKAR | F800: Kualitas Internal | G800: ADONAN GORENG MEKAR Karena Kualitas Internal | H800: GR | I800: 0 | J800: 0 | K800: 0 | L800: 0 | M800: 0 | N800: 0 | O800: 0 | P800: 0 | Q800: 0 | R800: 0 | S800: 0 | T800: 0 | U800: 0 | V800: 0 | W800: 0 | X800: 0 | Y800: 0 | Z800: 0 | AA800: 0 | AB800: 0 | AC800: 0 | AD800: 0 | AE800: 0 | AF800: 0 | AG800: 0 | AH800: 0 | AI800: 0 | AJ800: 0 | AK800: 0 | AL800: 0 | AM800: 0
A801: COM DEVIASI - RESTO | B801: WASTE BAHAN DAN PACKAGING | C801: WASTE | D801: DEVIASI | E801: ADONAN GORENG MEKAR | F801: Kualitas Internal | G801: ADONAN GORENG MEKAR Karena Kualitas Internal dari Goreng Mekar | H801: GR | I801: 0 | J801: 0 | K801: 0 | L801: 0 | M801: 0 | N801: 204 | O801: 0 | P801: 0 | Q801: 0 | R801: 0 | S801: 0 | T801: 0 | U801: 0 | V801: 204 | W801: 0 | X801: 0 | Y801: 0 | Z801: 0 | AA801: 0 | AB801: 0 | AC801: 0 | AD801: 0 | AE801: 0 | AF801: 0 | AG801: 0 | AH801: 0 | AI801: 0 | AJ801: 0 | AK801: 0 | AL801: 0 | AM801: 0
A802: COM DEVIASI - RESTO | B802: WASTE BAHAN DAN PACKAGING | C802: WASTE | D802: DEVIASI | E802: ADONAN GORENG MEKAR | F802: Over Stock | G802: ADONAN GORENG MEKAR Karena Over Stock | H802: GR | I802: 0 | J802: 0 | K802: 0 | L802: 0 | M802: 0 | N802: 0 | O802: 0 | P802: 0 | Q802: 0 | R802: 0 | S802: 0 | T802: 0 | U802: 0 | V802: 0 | W802: 0 | X802: 0 | Y802: 0 | Z802: 0 | AA802: 0 | AB802: 0 | AC802: 0 | AD802: 0 | AE802: 0 | AF802: 0 | AG802: 0 | AH802: 0 | AI802: 0 | AJ802: 0 | AK802: 0 | AL802: 0 | AM802: 0
A803: COM DEVIASI - RESTO | B803: WASTE BAHAN DAN PACKAGING | C803: WASTE | D803: DEVIASI | E803: ADONAN GORENG MEKAR | F803: Over Stock | G803: ADONAN GORENG MEKAR Karena Over Stock dari Goreng Mekar | H803: GR | I803: 0 | J803: 0 | K803: 0 | L803: 0 | M803: 0 | N803: 0 | O803: 0 | P803: 0 | Q803: 0 | R803: 0 | S803: 0 | T803: 0 | U803: 0 | V803: 0 | W803: 0 | X803: 0 | Y803: 0 | Z803: 0 | AA803: 0 | AB803: 0 | AC803: 0 | AD803: 0 | AE803: 0 | AF803: 0 | AG803: 0 | AH803: 0 | AI803: 0 | AJ803: 0 | AK803: 0 | AL803: 0 | AM803: 0
A804: COM DEVIASI - RESTO | B804: WASTE BAHAN DAN PACKAGING | C804: WASTE | D804: DEVIASI | E804: AIR MINERAL BOTOL (V.20) | F804: Alat/ Mesin | G804: AIR MINERAL BOTOL (V.20) Karena Alat/ Mesin | H804: BOTOL | I804: 0 | J804: 0 | K804: 0 | L804: 0 | M804: 0 | N804: 0 | O804: 0 | P804: 0 | Q804: 0 | R804: 0 | S804: 0 | T804: 0 | U804: 0 | V804: 0 | W804: 0 | X804: 0 | Y804: 0 | Z804: 0 | AA804: 0 | AB804: 0 | AC804: 0 | AD804: 0 | AE804: 0 | AF804: 0 | AG804: 0 | AH804: 0 | AI804: 0 | AJ804: 0 | AK804: 0 | AL804: 0 | AM804: 0
A805: COM DEVIASI - RESTO | B805: WASTE BAHAN DAN PACKAGING | C805: WASTE | D805: DEVIASI | E805: AIR MINERAL BOTOL (V.20) | F805: Handling | G805: AIR MINERAL BOTOL (V.20) Karena Handling | H805: BOTOL | I805: 0 | J805: 0 | K805: 0 | L805: 0 | M805: 0 | N805: 0 | O805: 0 | P805: 0 | Q805: 0 | R805: 0 | S805: 0 | T805: 0 | U805: 0 | V805: 0 | W805: 0 | X805: 0 | Y805: 0 | Z805: 0 | AA805: 0 | AB805: 0 | AC805: 0 | AD805: 0 | AE805: 0 | AF805: 0 | AG805: 0 | AH805: 0 | AI805: 0 | AJ805: 0 | AK805: 0 | AL805: 0 | AM805: 0
A806: COM DEVIASI - RESTO | B806: WASTE BAHAN DAN PACKAGING | C806: WASTE | D806: DEVIASI | E806: AIR MINERAL BOTOL (V.20) | F806: Kualitas Eksternal | G806: AIR MINERAL BOTOL (V.20) Karena Kualitas Eksternal | H806: BOTOL | I806: 0 | J806: 0 | K806: 0 | L806: 0 | M806: 0 | N806: 0 | O806: 0 | P806: 0 | Q806: 0 | R806: 0 | S806: 0 | T806: 0 | U806: 0 | V806: 0 | W806: 0 | X806: 0 | Y806: 0 | Z806: 0 | AA806: 0 | AB806: 0 | AC806: 0 | AD806: 0 | AE806: 0 | AF806: 0 | AG806: 0 | AH806: 0 | AI806: 0 | AJ806: 0 | AK806: 0 | AL806: 0 | AM806: 0
A807: COM DEVIASI - RESTO | B807: WASTE BAHAN DAN PACKAGING | C807: WASTE | D807: DEVIASI | E807: AIR MINERAL BOTOL (V.20) | F807: Over Stock | G807: AIR MINERAL BOTOL (V.20) Karena Over Stock | H807: BOTOL | I807: 0 | J807: 0 | K807: 0 | L807: 0 | M807: 0 | N807: 0 | O807: 0 | P807: 0 | Q807: 0 | R807: 0 | S807: 0 | T807: 0 | U807: 0 | V807: 0 | W807: 0 | X807: 0 | Y807: 0 | Z807: 0 | AA807: 0 | AB807: 0 | AC807: 0 | AD807: 0 | AE807: 0 | AF807: 0 | AG807: 0 | AH807: 0 | AI807: 0 | AJ807: 0 | AK807: 0 | AL807: 0 | AM807: 0
... A1201: COM DEVIASI - RESTO | B1201: WASTEPORSI DINEIN KARNAHANDLING | C1201: WASTE | D1201: DEVIASI | E1201: VANILLA SOFT MIX ICE MIX (V.20) | F1201: Handling | G1201: VANILLA SOFT MIX ICE MIX (V.20) Karena Handling | H1201: ML | I1201: 0 | J1201: 0 | K1201: 0 | L1201: 0 | M1201: 0 | N1201: 0 | O1201: 0 | P1201: 0 | Q1201: 0 | R1201: 0 | S1201: 0 | T1201: 0 | U1201: 0 | V1201: 0 | W1201: 0 | X1201: 0 | Y1201: 0 | Z1201: 0 | AA1201: 0 | AB1201: 0 | AC1201: 0 | AD1201: 0 | AE1201: 0 | AF1201: 0 | AG1201: 0 | AH1201: 0 | AI1201: 0 | AJ1201: 0 | AK1201: 0 | AL1201: 0 | AM1201: 0
A1202: MENU MIX | B1202: INPUT SO HARIAN | C1202: SO | D1202: MENU MIX | E1202: GORENG MEKAR | F1202: SO | H1202: PCS | I1202: 272 | J1202: 56 | K1202: 0 | L1202: 0 | M1202: 45 | N1202: 78 | O1202: 68 | P1202: 81 | Q1202: 56 | R1202: 16 | S1202: 128 | T1202: 108 | U1202: 32 | V1202: 208 | W1202: 0 | X1202: 0 | Y1202: 0 | Z1202: 0 | AA1202: 0 | AB1202: 0 | AC1202: 0 | AD1202: 0 | AE1202: 0 | AF1202: 0 | AG1202: 0 | AH1202: 0 | AI1202: 0 | AJ1202: 0 | AK1202: 0 | AL1202: 0 | AM1202: 0
A1203: MENU MIX | B1203: STOCK AWAL | C1203: STOCK AWAL | D1203: MENU MIX | E1203: GORENG MEKAR | F1203: STOK AWAL | H1203: PCS | I1203: 29 | J1203: 0 | K1203: 0 | L1203: 0 | M1203: 0 | N1203: 0 | O1203: 0 | P1203: 0 | Q1203: 0 | R1203: 0 | S1203: 0 | T1203: 0 | U1203: 0 | V1203: 0 | W1203: 0 | X1203: 0 | Y1203: 0 | Z1203: 0 | AA1203: 0 | AB1203: 0 | AC1203: 0 | AD1203: 0 | AE1203: 0 | AF1203: 0 | AG1203: 0 | AH1203: 0 | AI1203: 0 | AJ1203: 0 | AK1203: 0 | AL1203: 0 | AM1203: 0
A1204: MENU MIX | B1204: SUSUT | C1204: SUSUT | D1204: MENU MIX | E1204: GORENG MEKAR | F1204: SUSUT | H1204: PCS | I1204: 0 | J1204: 0 | K1204: 0 | L1204: 0 | M1204: 0 | N1204: 0 | O1204: 0 | P1204: 0 | Q1204: 0 | R1204: 0 | S1204: 0 | T1204: 0 | U1204: 0 | V1204: 0 | W1204: 0 | X1204: 0 | Y1204: 0 | Z1204: 0 | AA1204: 0 | AB1204: 0 | AC1204: 0 | AD1204: 0 | AE1204: 0 | AF1204: 0 | AG1204: 0 | AH1204: 0 | AI1204: 0 | AJ1204: 0 | AK1204: 0 | AL1204: 0 | AM1204: 0
A1205: MENU MIX | B1205: TRIAL BAHAN | C1205: TRIAL | D1205: MENU MIX | E1205: GORENG MEKAR | F1205: TRIAL | H1205: PCS | I1205: 0 | J1205: 0 | K1205: 0 | L1205: 0 | M1205: 0 | N1205: 0 | O1205: 0 | P1205: 0 | Q1205: 0 | R1205: 0 | S1205: 0 | T1205: 0 | U1205: 0 | V1205: 8 | W1205: 0 | X1205: 0 | Y1205: 0 | Z1205: 0 | AA1205: 0 | AB1205: 0 | AC1205: 0 | AD1205: 0 | AE1205: 0 | AF1205: 0 | AG1205: 0 | AH1205: 0 | AI1205: 0 | AJ1205: 0 | AK1205: 0 | AL1205: 0 | AM1205: 0
A1206: MENU MIX | B1206: WASTE BAHAN DAN PACKAGING | C1206: WASTE | D1206: MENU MIX | E1206: BIANG TEH (TEH NAGA DAN TEH GOPEK) | F1206: Alat/ Mesin | G1206: BIANG TEA PAKAI GULA Karena Alat/ Mesin | H1206: GR | I1206: 0 | J1206: 0 | K1206: 0 | L1206: 0 | M1206: 0 | N1206: 0 | O1206: 0 | P1206: 0 | Q1206: 0 | R1206: 0 | S1206: 0 | T1206: 0 | U1206: 0 | V1206: 0 | W1206: 0 | X1206: 0 | Y1206: 0 | Z1206: 0 | AA1206: 0 | AB1206: 0 | AC1206: 0 | AD1206: 0 | AE1206: 0 | AF1206: 0 | AG1206: 0 | AH1206: 0 | AI1206: 0 | AJ1206: 0 | AK1206: 0 | AL1206: 0 | AM1206: 0
A1207: MENU MIX | B1207: WASTE BAHAN DAN PACKAGING | C1207: WASTE | D1207: MENU MIX | E1207: BIANG TEH (TEH NAGA DAN TEH GOPEK) | F1207: Alat/ Mesin | G1207: BIANG TEA TANPA GULA Karena Alat/ Mesin | H1207: GR | I1207: 0 | J1207: 0 | K1207: 0 | L1207: 0 | M1207: 0 | N1207: 0 | O1207: 0 | P1207: 0 | Q1207: 0 | R1207: 0 | S1207: 0 | T1207: 0 | U1207: 0 | V1207: 0 | W1207: 0 | X1207: 0 | Y1207: 0 | Z1207: 0 | AA1207: 0 | AB1207: 0 | AC1207: 0 | AD1207: 0 | AE1207: 0 | AF1207: 0 | AG1207: 0 | AH1207: 0 | AI1207: 0 | AJ1207: 0 | AK1207: 0 | AL1207: 0 | AM1207: 0
A1208: MENU MIX | B1208: WASTE BAHAN DAN PACKAGING | C1208: WASTE | D1208: MENU MIX | E1208: BIANG TEH (TEH NAGA DAN TEH GOPEK) | F1208: Handling | G1208: BIANG TEA PAKAI GULA Karena Handling | H1208: GR | I1208: 0 | J1208: 0 | K1208: 0 | L1208: 0 | M1208: 0 | N1208: 0 | O1208: 0 | P1208: 0 | Q1208: 0 | R1208: 374 | S1208: 0 | T1208: 0 | U1208: 437 | V1208: 0 | W1208: 0 | X1208: 0 | Y1208: 0 | Z1208: 0 | AA1208: 0 | AB1208: 0 | AC1208: 0 | AD1208: 0 | AE1208: 0 | AF1208: 0 | AG1208: 0 | AH1208: 0 | AI1208: 0 | AJ1208: 0 | AK1208: 0 | AL1208: 0 | AM1208: 0
A1209: MENU MIX | B1209: WASTE BAHAN DAN PACKAGING | C1209: WASTE | D1209: MENU MIX | E1209: BIANG TEH (TEH NAGA DAN TEH GOPEK) | F1209: Handling | G1209: BIANG TEA TANPA GULA Karena Handling | H1209: GR | I1209: 0 | J1209: 0 | K1209: 0 | L1209: 0 | M1209: 0 | N1209: 0 | O1209: 0 | P1209: 0 | Q1209: 0 | R1209: 0 | S1209: 0 | T1209: 0 | U1209: 0 | V1209: 0 | W1209: 0 | X1209: 0 | Y1209: 0 | Z1209: 0 | AA1209: 0 | AB1209: 0 | AC1209: 0 | AD1209: 0 | AE1209: 0 | AF1209: 0 | AG1209: 0 | AH1209: 0 | AI1209: 0 | AJ1209: 0 | AK1209: 0 | AL1209: 0 | AM1209: 0
A1210: MENU MIX | B1210: WASTE BAHAN DAN PACKAGING | C1210: WASTE | D1210: MENU MIX | E1210: BIANG TEH (TEH NAGA DAN TEH GOPEK) | F1210: Kualitas | G1210: BIANG TEA PAKAI GULA Karena Kualitas | H1210: GR | I1210: 0 | J1210: 0 | K1210: 0 | L1210: 0 | M1210: 0 | N1210: 0 | O1210: 0 | P1210: 0 | Q1210: 0 | R1210: 0 | S1210: 0 | T1210: 0 | U1210: 0 | V1210: 0 | W1210: 0 | X1210: 0 | Y1210: 0 | Z1210: 0 | AA1210: 0 | AB1210: 0 | AC1210: 0 | AD1210: 0 | AE1210: 0 | AF1210: 0 | AG1210: 0 | AH1210: 0 | AI1210: 0 | AJ1210: 0 | AK1210: 0 | AL1210: 0 | AM1210: 0
A1211: MENU MIX | B1211: WASTE BAHAN DAN PACKAGING | C1211: WASTE | D1211: MENU MIX | E1211: BIANG TEH (TEH NAGA DAN TEH GOPEK) | F1211: Kualitas | G1211: BIANG TEA TANPA GULA Karena Kualitas | H1211: GR | I1211: 0 | J1211: 0 | K1211: 0 | L1211: 0 | M1211: 0 | N1211: 0 | O1211: 0 | P1211: 0 | Q1211: 0 | R1211: 0 | S1211: 0 | T1211: 0 | U1211: 0 | V1211: 0 | W1211: 0 | X1211: 0 | Y1211: 0 | Z1211: 0 | AA1211: 0 | AB1211: 0 | AC1211: 0 | AD1211: 0 | AE1211: 0 | AF1211: 0 | AG1211: 0 | AH1211: 0 | AI1211: 0 | AJ1211: 0 | AK1211: 0 | AL1211: 0 | AM1211: 0
A1212: MENU MIX | B1212: WASTE BAHAN DAN PACKAGING | C1212: WASTE | D1212: MENU MIX | E1212: BIANG TEH (TEH NAGA DAN TEH GOPEK) | F1212: Over Stock | G1212: BIANG TEA PAKAI GULA Karena Over Stock | H1212: GR | I1212: 0 | J1212: 0 | K1212: 0 | L1212: 0 | M1212: 0 | N1212: 0 | O1212: 0 | P1212: 0 | Q1212: 0 | R1212: 0 | S1212: 0 | T1212: 0 | U1212: 0 | V1212: 2449 | W1212: 0 | X1212: 0 | Y1212: 0 | Z1212: 0 | AA1212: 0 | AB1212: 0 | AC1212: 0 | AD1212: 0 | AE1212: 0 | AF1212: 0 | AG1212: 0 | AH1212: 0 | AI1212: 0 | AJ1212: 0 | AK1212: 0 | AL1212: 0 | AM1212: 0
A1213: MENU MIX | B1213: WASTE BAHAN DAN PACKAGING | C1213: WASTE | D1213: MENU MIX | E1213: BIANG TEH (TEH NAGA DAN TEH GOPEK) | F1213: Over Stock | G1213: BIANG TEA TANPA GULA Karena Over Stock | H1213: GR | I1213: 0 | J1213: 0 | K1213: 0 | L1213: 0 | M1213: 0 | N1213: 0 | O1213: 0 | P1213: 0 | Q1213: 0 | R1213: 0 | S1213: 0 | T1213: 0 | U1213: 0 | V1213: 0 | W1213: 0 | X1213: 0 | Y1213: 0 | Z1213: 0 | AA1213: 0 | AB1213: 0 | AC1213: 0 | AD1213: 0 | AE1213: 0 | AF1213: 0 | AG1213: 0 | AH1213: 0 | AI1213: 0 | AJ1213: 0 | AK1213: 0 | AL1213: 0 | AM1213: 0
A1214: MENU MIX | B1214: WASTE BAHAN DAN PACKAGING | C1214: WASTE | D1214: MENU MIX | E1214: GORENG MEKAR | F1214: Alat/ Mesin | G1214: GORENG MEKAR Karena Alat/ Mesin | H1214: PCS | I1214: 0 | J1214: 0 | K1214: 0 | L1214: 0 | M1214: 0 | N1214: 0 | O1214: 0 | P1214: 0 | Q1214: 0 | R1214: 0 | S1214: 0 | T1214: 18 | U1214: 0 | V1214: 0 | W1214: 0 | X1214: 0 | Y1214: 0 | Z1214: 0 | AA1214: 0 | AB1214: 0 | AC1214: 0 | AD1214: 0 | AE1214: 0 | AF1214: 0 | AG1214: 0 | AH1214: 0 | AI1214: 0 | AJ1214: 0 | AK1214: 0 | AL1214: 0 | AM1214: 0
A1215: MENU MIX | B1215: WASTE BAHAN DAN PACKAGING | C1215: WASTE | D1215: MENU MIX | E1215: GORENG MEKAR | F1215: Handling | G1215: GORENG MEKAR Karena Handling | H1215: PCS | I1215: 112 | J1215: 107 | K1215: 121 | L1215: 104 | M1215: 122 | N1215: 64 | O1215: 169 | P1215: 106 | Q1215: 113 | R1215: 0 | S1215: 120 | T1215: 142 | U1215: 137 | V1215: 62 | W1215: 0 | X1215: 0 | Y1215: 0 | Z1215: 0 | AA1215: 0 | AB1215: 0 | AC1215: 0 | AD1215: 0 | AE1215: 0 | AF1215: 0 | AG1215: 0 | AH1215: 0 | AI1215: 0 | AJ1215: 0 | AK1215: 0 | AL1215: 0 | AM1215: 0
A1216: MENU MIX | B1216: WASTE BAHAN DAN PACKAGING | C1216: WASTE | D1216: MENU MIX | E1216: GORENG MEKAR | F1216: Kualitas Internal | G1216: GORENG MEKAR Karena Kualitas Internal | H1216: PCS | I1216: 0 | J1216: 0 | K1216: 0 | L1216: 0 | M1216: 0 | N1216: 12 | O1216: 0 | P1216: 0 | Q1216: 0 | R1216: 0 | S1216: 0 | T1216: 0 | U1216: 0 | V1216: 12 | W1216: 0 | X1216: 0 | Y1216: 0 | Z1216: 0 | AA1216: 0 | AB1216: 0 | AC1216: 0 | AD1216: 0 | AE1216: 0 | AF1216: 0 | AG1216: 0 | AH1216: 0 | AI1216: 0 | AJ1216: 0 | AK1216: 0 | AL1216: 0 | AM1216: 0
A1217: MENU MIX | B1217: WASTE BAHAN DAN PACKAGING | C1217: WASTE | D1217: MENU MIX | E1217: GORENG MEKAR | F1217: Over Stock | G1217: GORENG MEKAR Karena Over Stock | H1217: PCS | I1217: 0 | J1217: 0 | K1217: 0 | L1217: 0 | M1217: 0 | N1217: 0 | O1217: 0 | P1217: 0 | Q1217: 0 | R1217: 0 | S1217: 0 | T1217: 0 | U1217: 0 | V1217: 0 | W1217: 0 | X1217: 0 | Y1217: 0 | Z1217: 0 | AA1217: 0 | AB1217: 0 | AC1217: 0 | AD1217: 0 | AE1217: 0 | AF1217: 0 | AG1217: 0 | AH1217: 0 | AI1217: 0 | AJ1217: 0 | AK1217: 0 | AL1217: 0 | AM1217: 0

Sheet WASTE BAHAN dan PACKAGING
A1: NAMA BARANG | B1: KETERANGAN | C1: PENYEBAB TERJADINYA WASTE | D1: SATUAN | E1: KONVERSI | F1: 1 | G1: 2 | H1: 3 | I1: 4 | J1: 5 | K1: 6 | L1: 7 | M1: 8 | N1: 9 | O1: 10 | P1: 11 | Q1: 12 | R1: 13 | S1: 14 | T1: 15 | U1: 16 | V1: 17 | W1: 18 | X1: 19 | Y1: 20 | Z1: 21 | AA1: 22 | AB1: 23 | AC1: 24 | AD1: 25 | AE1: 26 | AF1: 27 | AG1: 28 | AH1: 29 | AI1: 30 | AJ1: 31
A2: ADONAN GORENG MEKAR | B2: Over Stock | C2: ADONAN GORENG MEKAR Karena Over Stock | D2: GR | E2: 1 | F2: 0 | G2: 0 | H2: 0 | I2: 0 | J2: 0 | K2: 0 | L2: 0 | M2: 0 | N2: 0 | P2: 0 | Q2: 0 | R2: 0 | S2: 0
A3: ADONAN GORENG MEKAR | B3: Handling | C3: ADONAN GORENG MEKAR Karena Handling | D3: GR | E3: 1 | F3: 0 | G3: 0 | H3: 0 | I3: 0 | J3: 0 | K3: 0 | L3: 0 | M3: 0 | N3: 0 | P3: 0 | Q3: 0 | R3: 0 | S3: 0
A4: ADONAN GORENG MEKAR | B4: Kualitas Internal | C4: ADONAN GORENG MEKAR Karena Kualitas Internal | D4: GR | E4: 1 | F4: 0 | G4: 0 | H4: 0 | I4: 0 | J4: 0 | K4: 0 | L4: 0 | M4: 0 | N4: 0 | P4: 0 | Q4: 0 | R4: 0 | S4: 0
A5: ADONAN GORENG MEKAR | B5: Alat/ Mesin | C5: ADONAN GORENG MEKAR Karena Alat/ Mesin | D5: GR | E5: 1 | F5: 0
F6: 0
A7: AIR MINERAL BOTOL (V.20) | B7: Over Stock | C7: AIR MINERAL BOTOL (V.20) Karena Over Stock | D7: BOTOL | E7: 1 | F7: 0 | G7: 0 | H7: 0 | I7: 0 | J7: 0 | K7: 0 | L7: 0 | M7: 0 | N7: 0 | O7: 0 | P7: 0 | Q7: 0 | R7: 0 | S7: 0
A8: AIR MINERAL BOTOL (V.20) | B8: Handling | C8: AIR MINERAL BOTOL (V.20) Karena Handling | D8: BOTOL | E8: 1 | F8: 0 | G8: 0 | H8: 0 | I8: 0 | J8: 0 | K8: 0 | L8: 0 | M8: 0 | N8: 0 | O8: 0 | P8: 0 | Q8: 0 | R8: 0 | S8: 0
A9: AIR MINERAL BOTOL (V.20) | B9: Kualitas Eksternal | C9: AIR MINERAL BOTOL (V.20) Karena Kualitas Eksternal | D9: BOTOL | E9: 1 | F9: 0 | G9: 0 | H9: 0 | I9: 0 | J9: 0 | K9: 0 | L9: 0 | M9: 0 | N9: 0 | O9: 0 | P9: 0 | Q9: 0 | R9: 0 | S9: 0
A10: AIR MINERAL BOTOL (V.20) | B10: Alat/ Mesin | C10: AIR MINERAL BOTOL (V.20) Karena Alat/ Mesin | D10: BOTOL | E10: 1 | F10: 0 | G10: 0 | H10: 0 | I10: 0 | J10: 0 | K10: 0 | L10: 0 | M10: 0 | N10: 0 | P10: 0 | Q10: 0 | R10: 0 | S10: 0
F11: 0
A12: AYAM KECAP | B12: Over Stock | C12: AYAM KECAP Karena Over Stock | D12: GR | E12: 1 | F12: 0 | G12: 0 | H12: 0 | I12: 0 | J12: 0 | K12: 0 | L12: 0 | M12: 0 | N12: 0 | O12: 0 | P12: 0 | Q12: 0 | R12: 0 | S12: 0
A13: AYAM KECAP | B13: Handling | C13: AYAM KECAP Karena Handling | D13: GR | E13: 1 | F13: 0 | G13: 0 | H13: 0 | I13: 0 | J13: 0 | K13: 0 | L13: 0 | M13: 0 | N13: 0 | O13: 0 | P13: 0 | Q13: 0 | R13: 0 | S13: 0
A14: AYAM KECAP | B14: Kualitas Internal | C14: AYAM KECAP Karena Kualitas Internal | D14: GR | E14: 1 | F14: 0 | G14: 0 | H14: 0 | I14: 0 | J14: 0 | K14: 0 | L14: 0 | M14: 0 | N14: 0 | O14: 0 | P14: 0 | Q14: 0 | R14: 0 | S14: 0
A15: AYAM KECAP | B15: Alat/ Mesin | C15: AYAM KECAP Karena Alat/ Mesin | D15: GR | E15: 1 | F15: 0 | O15: 0
F16: 0
A17: BAKSO HALUS | B17: Over Stock | C17: BAKSO HALUS Karena Over Stock | D17: PCS | E17: 1 | F17: 0 | G17: 0 | H17: 0 | I17: 0 | J17: 0 | K17: 0 | L17: 0 | M17: 0 | N17: 0 | O17: 0 | P17: 0 | Q17: 0 | R17: 0 | S17: 0
A18: BAKSO HALUS | B18: Handling | C18: BAKSO HALUS Karena Handling | D18: PCS | E18: 1 | F18: 9 | G18: 21 | H18: 10 | I18: 31 | J18: 13 | K18: 5 | L18: 124 | M18: 145 | N18: 26 | O18: 0 | P18: 26 | Q18: 16 | R18: 7 | S18: 14
A19: BAKSO HALUS | B19: Kualitas Internal | C19: BAKSO HALUS Karena Kualitas Internal | D19: PCS | E19: 1 | F19: 32 | G19: 15 | H19: 46 | I19: 45 | J19: 11 | K19: 38 | L19: 21 | M19: 32 | N19: 25 | O19: 0 | P19: 20 | Q19: 23 | R19: 28 | S19: 36
A20: BAKSO HALUS | B20: Alat/ Mesin | C20: BAKSO HALUS Karena Alat/ Mesin | D20: PCS | E20: 1 | F20: 0
F21: 0
A22: BAKSO HALUS | B22: Over Stock | C22: BAKSO HALUS Lv 0 (Ada Bumbu Bakar) Karena Over Stock | D22: PCS | E22: 1 | F22: 0 | G22: 0 | H22: 0 | I22: 0 | J22: 0 | K22: 0 | L22: 0 | M22: 0 | N22: 0 | O22: 0 | P22: 0 | Q22: 0 | R22: 0 | S22: 0
A23: BAKSO HALUS | B23: Handling | C23: BAKSO HALUS Lv 0 (Ada Bumbu Bakar) Karena Handling | D23: PCS | E23: 1 | F23: 9 | G23: 16 | H23: 6 | I23: 11 | J23: 46 | K23: 2 | L23: 4 | M23: 22 | N23: 23 | O23: 76 | P23: 10 | Q23: 44 | R23: 34 | S23: 34
A24: BAKSO HALUS | B24: Kualitas Internal | C24: BAKSO HALUS Lv 0 (Ada Bumbu Bakar) Karena Kualitas Internal | D24: PCS | E24: 1 | F24: 32 | G24: 0 | H24: 0 | I24: 0 | J24: 0 | K24: 0 | L24: 0 | M24: 0 | N24: 0 | O24: 34 | P24: 0 | Q24: 0 | R24: 0 | S24: 0
A25: BAKSO HALUS | B25: Alat/ Mesin | C25: BAKSO HALUS Lv 0 (Ada Bumbu Bakar) Karena Alat/ Mesin | D25: PCS | E25: 1 | F25: 0 | G25: 0 | H25: 0 | I25: 0 | J25: 0 | K25: 0 | L25: 0 | M25: 0 | N25: 0 | P25: 0 | Q25: 0 | R25: 0 | S25: 0
F26: 0 | G26: 0 | H26: 0 | I26: 0 | J26: 0 | K26: 0 | L26: 0 | M26: 0 | N26: 0 | P26: 0 | Q26: 0 | R26: 0 | S26: 0
A27: BAKSO HALUS | B27: Over Stock | C27: BAKSO HALUS Lv 2 (Ada Bumbu Bakar) Karena Over Stock | D27: PCS | E27: 1 | F27: 0 | G27: 0 | H27: 0 | I27: 0 | J27: 0 | K27: 0 | L27: 0 | M27: 0 | N27: 0 | O27: 0 | P27: 0 | Q27: 0 | R27: 0 | S27: 0
A28: BAKSO HALUS | B28: Handling | C28: BAKSO HALUS Lv 2 (Ada Bumbu Bakar) Karena Handling | D28: PCS | E28: 1 | F28: 9 | G28: 0 | H28: 0 | I28: 0 | J28: 0 | K28: 0 | L28: 0 | M28: 0 | N28: 0 | O28: 18 | P28: 0 | Q28: 0 | R28: 0 | S28: 0
A29: BAKSO HALUS | B29: Kualitas Internal | C29: BAKSO HALUS Lv 2 (Ada Bumbu Bakar) Karena Kualitas Internal | D29: PCS | E29: 1 | F29: 32 | G29: 0 | H29: 0 | I29: 0 | J29: 0 | K29: 0 | L29: 0 | M29: 0 | N29: 0 | O29: 0 | P29: 0 | Q29: 0 | R29: 0 | S29: 0
A30: BAKSO HALUS | B30: Alat/ Mesin | C30: BAKSO HALUS Lv 2 (Ada Bumbu Bakar) Karena Alat/ Mesin | D30: PCS | E30: 1 | F30: 0 | G30: 0 | H30: 0 | I30: 0 | J30: 0 | K30: 0 | L30: 0 | M30: 0 | N30: 0 | O30: 0 | P30: 0 | Q30: 0 | R30: 0 | S30: 0
F31: 0 | G31: 0 | H31: 0 | I31: 0 | J31: 0 | K31: 0 | L31: 0 | M31: 0 | N31: 0 | O31: 0 | P31: 0 | Q31: 0 | R31: 0 | S31: 0
A32: BAKSO HALUS | B32: Over Stock | C32: BAKSO HALUS Lv 4 (Ada Bumbu Bakar) Karena Over Stock | D32: PCS | E32: 1 | F32: 0 | G32: 0 | H32: 0 | I32: 0 | J32: 0 | K32: 0 | L32: 0 | M32: 0 | N32: 0 | O32: 0 | P32: 0 | Q32: 0 | R32: 0 | S32: 0
A33: BAKSO HALUS | B33: Handling | C33: BAKSO HALUS Lv 4 (Ada Bumbu Bakar) Karena Handling | D33: PCS | E33: 1 | F33: 9 | G33: 1 | H33: 10 | I33: 17 | J33: 7 | K33: 7 | L33: 12 | M33: 10 | N33: 15 | O33: 0 | P33: 5 | Q33: 31 | R33: 27 | S33: 45
A34: BAKSO HALUS | B34: Kualitas Internal | C34: BAKSO HALUS Lv 4 (Ada Bumbu Bakar) Karena Kualitas Internal | D34: PCS | E34: 1 | F34: 32 | G34: 0 | H34: 0 | I34: 0 | J34: 0 | K34: 0 | L34: 0 | M34: 0 | N34: 0 | O34: 0 | P34: 0 | Q34: 0 | R34: 0 | S34: 0
A35: BAKSO HALUS | B35: Alat/ Mesin | C35: BAKSO HALUS Lv 4 (Ada Bumbu Bakar) Karena Alat/ Mesin | D35: PCS | E35: 1 | F35: 0 | G35: 0 | H35: 0 | I35: 0 | J35: 0 | K35: 0 | L35: 0 | M35: 0 | N35: 0 | O35: 0 | P35: 0 | Q35: 0 | R35: 0 | S35: 0
F36: 0 | O36: 0
A37: BAKSO HALUS | B37: Over Stock | C37: BAKSO HALUS Lv 6 (Ada Bumbu Bakar) Karena Over Stock | D37: PCS | E37: 1 | F37: 0 | O37: 0
A38: BAKSO HALUS | B38: Handling | C38: BAKSO HALUS Lv 6 (Ada Bumbu Bakar) Karena Handling | D38: PCS | E38: 1 | F38: 9 | O38: 11
A39: BAKSO HALUS | B39: Kualitas Internal | C39: BAKSO HALUS Lv 6 (Ada Bumbu Bakar) Karena Kualitas Internal | D39: PCS | E39: 1 | F39: 32 | O39: 0
A40: BAKSO HALUS | B40: Alat/ Mesin | C40: BAKSO HALUS Lv 6 (Ada Bumbu Bakar) Karena Alat/ Mesin | D40: PCS | E40: 1 | F40: 0 | O40: 0
F41: 0
A42: BAKSO URAT | B42: Over Stock | C42: BAKSO URAT Karena Over Stock | D42: PCS | E42: 1 | F42: 0 | G42: 0 | H42: 0 | I42: 0 | J42: 0 | K42: 0 | L42: 0 | M42: 0 | N42: 0 | P42: 0 | Q42: 0 | R42: 0 | S42: 0
A43: BAKSO URAT | B43: Handling | C43: BAKSO URAT Karena Handling | D43: PCS | E43: 1 | F43: 11 | G43: 4 | H43: 0 | I43: 0 | J43: 2 | K43: 6 | L43: 73 | M43: 48 | N43: 0 | P43: 11 | Q43: 25 | R43: 3 | S43: 5
A44: BAKSO URAT | B44: Kualitas Internal | C44: BAKSO URAT Karena Kualitas Internal | D44: PCS | E44: 1 | F44: 29 | G44: 42 | H44: 47 | I44: 40 | J44: 52 | K44: 77 | L44: 6 | M44: 24 | N44: 64 | P44: 55 | Q44: 60 | R44: 79 | S44: 92
A45: BAKSO URAT | B45: Alat/ Mesin | C45: BAKSO URAT Karena Alat/ Mesin | D45: PCS | E45: 1 | F45: 0 | G45: 0 | H45: 0 | I45: 0 | J45: 0 | K45: 0 | L45: 0 | M45: 0 | N45: 0 | P45: 0 | Q45: 0 | R45: 0 | S45: 0
F46: 0
A47: BASIC POWDER | B47: Over Stock | C47: BASIC POWDER Karena Over Stock | D47: GR | E47: 1 | F47: 0 | G47: 0 | H47: 0 | I47: 0 | J47: 0 | K47: 0 | L47: 0 | M47: 0 | N47: 0 | O47: 0 | P47: 0 | Q47: 0 | R47: 0 | S47: 0
A48: BASIC POWDER | B48: Handling | C48: BASIC POWDER Karena Handling | D48: GR | E48: 1 | F48: 0 | G48: 0 | H48: 0 | I48: 0 | J48: 0 | K48: 0 | L48: 0 | M48: 0 | N48: 0 | O48: 20 | P48: 0 | Q48: 0 | R48: 0 | S48: 0
A49: BASIC POWDER | B49: Kualitas Internal | C49: BASIC POWDER Karena Kualitas Internal | D49: GR | E49: 1 | F49: 0 | G49: 0 | H49: 0 | I49: 0 | J49: 0 | K49: 0 | L49: 0 | M49: 0 | N49: 0 | O49: 101 | P49: 0 | Q49: 0 | R49: 0 | S49: 0
A50: BASIC POWDER | B50: Alat/ Mesin | C50: BASIC POWDER Karena Alat/ Mesin | D50: GR | E50: 1 | F50: 0 | G50: 0 | H50: 0 | I50: 0 | J50: 0 | K50: 0 | L50: 0 | M50: 0 | N50: 0 | O50: 0 | P50: 0 | Q50: 0 | R50: 0 | S50: 0
F51: 0
A52: BASRENG | B52: Over Stock | C52: BASRENG Karena Over Stock | D52: PCS | E52: 1 | F52: 0 | G52: 0 | H52: 0 | I52: 0 | J52: 0 | K52: 0 | L52: 0 | M52: 0 | N52: 0 | O52: 0 | P52: 0 | Q52: 0 | R52: 0 | S52: 0
A53: BASRENG | B53: Handling | C53: BASRENG Karena Handling | D53: PCS | E53: 1 | F53: 2 | G53: 7 | H53: 2 | I53: 2 | J53: 1 | K53: 1 | L53: 6 | M53: 23 | N53: 9 | O53: 0 | P53: 7 | Q53: 39 | R53: 1 | S53: 2
A54: BASRENG | B54: Kualitas Internal | C54: BASRENG Karena Kualitas Internal | D54: PCS | E54: 1 | F54: 38 | G54: 39 | H54: 48 | I54: 61 | J54: 11 | K54: 24 | L54: 55 | M54: 17 | N54: 17 | O54: 0 | P54: 47 | Q54: 36 | R54: 6 | S54: 21
A55: BASRENG | B55: Alat/ Mesin | C55: BASRENG Karena Alat/ Mesin | D55: PCS | E55: 1 | F55: 0 | G55: 0 | H55: 0 | I55: 0 | J55: 0 | K55: 0 | L55: 0 | M55: 0 | N55: 0 | O55: 0 | P55: 0 | Q55: 0 | R55: 0 | S55: 0
F56: 0
A57: BAWANG MERAH GORENG | B57: Over Stock | C57: BAWANG MERAH GORENG Karena Over Stock | D57: GR | E57: 1 | F57: 0 | G57: 0 | H57: 0 | I57: 0 | J57: 0 | K57: 0 | L57: 0 | M57: 0 | N57: 0 | O57: 0 | P57: 0 | Q57: 0 | R57: 0 | S57: 0
A58: BAWANG MERAH GORENG | B58: Handling | C58: BAWANG MERAH GORENG Karena Handling | D58: GR | E58: 1 | F58: 0 | G58: 0 | H58: 0 | I58: 0 | J58: 0 | K58: 55 | L58: 0 | M58: 0 | N58: 0 | O58: 13 | P58: 0 | Q58: 0 | R58: 0 | S58: 0
A59: BAWANG MERAH GORENG | B59: Kualitas Internal | C59: BAWANG MERAH GORENG Karena Kualitas Internal | D59: GR | E59: 1 | F59: 0 | G59: 0 | H59: 0 | I59: 0 | J59: 0 | K59: 0 | L59: 0 | M59: 0 | N59: 0 | O59: 78 | P59: 0 | Q59: 0 | R59: 0 | S59: 0
A60: BAWANG MERAH GORENG | B60: Alat/ Mesin | C60: BAWANG MERAH GORENG Karena Alat/ Mesin | D60: GR | E60: 1 | F60: 0 | G60: 0 | H60: 0 | I60: 0 | J60: 0 | K60: 0 | L60: 0 | M60: 0 | N60: 0 | O60: 0 | P60: 0 | Q60: 0 | R60: 0 | S60: 0
F61: 0
A62: BAWANG PUTIH GORENG (V.20) | B62: Over Stock | C62: BAWANG PUTIH GORENG Karena Over Stock | D62: GR | E62: 1 | F62: 0 | G62: 0 | H62: 0 | I62: 0 | J62: 0 | K62: 0 | L62: 0 | M62: 0 | N62: 0 | O62: 0 | P62: 0 | Q62: 0 | R62: 0 | S62: 0
A63: BAWANG PUTIH GORENG (V.20) | B63: Handling | C63: BAWANG PUTIH GORENG Karena Handling | D63: GR | E63: 1 | F63: 0 | G63: 0 | H63: 0 | I63: 0 | J63: 0 | K63: 0 | L63: 0 | M63: 0 | N63: 0 | O63: 0 | P63: 0 | Q63: 0 | R63: 0 | S63: 0
A64: BAWANG PUTIH GORENG (V.20) | B64: Kualitas Internal | C64: BAWANG PUTIH GORENG Karena Kualitas Internal | D64: GR | E64: 1 | F64: 0 | G64: 0 | H64: 0 | I64: 0 | J64: 0 | K64: 0 | L64: 0 | M64: 0 | N64: 0 | O64: 0 | P64: 0 | Q64: 0 | R64: 0 | S64: 0
A65: BAWANG PUTIH GORENG (V.20) | B65: Alat/ Mesin | C65: BAWANG PUTIH GORENG Karena Alat/ Mesin | D65: GR | E65: 1 | F65: 0 | G65: 0 | H65: 0 | I65: 0 | J65: 0 | K65: 0 | L65: 0 | M65: 0 | N65: 0 | O65: 0 | P65: 0 | Q65: 0 | R65: 0 | S65: 0
F66: 0
A67: BERAS PUTIH | B67: Over Stock | C67: BERAS PUTIH Karena Over Stock | D67: GR | E67: 1 | F67: 0 | G67: 0 | H67: 0 | I67: 0 | J67: 0 | K67: 0 | L67: 0 | M67: 0 | N67: 0 | O67: 0 | P67: 0 | Q67: 0 | R67: 0 | S67: 0
A68: BERAS PUTIH | B68: Handling | C68: BERAS PUTIH Karena Handling | D68: GR | E68: 1 | F68: 0 | G68: 0 | H68: 0 | I68: 0 | J68: 0 | K68: 0 | L68: 0 | M68: 0 | N68: 0 | O68: 0 | P68: 0 | Q68: 0 | R68: 0 | S68: 0
A69: BERAS PUTIH | B69: Kualitas Eksternal | C69: BERAS PUTIH Karena Kualitas Eksternal | D69: GR | E69: 1 | F69: 0 | G69: 0 | H69: 0 | I69: 0 | J69: 0 | K69: 0 | L69: 0 | M69: 0 | N69: 0 | O69: 0 | P69: 0 | Q69: 0 | R69: 0 | S69: 0
A70: BERAS PUTIH | B70: Alat/ Mesin | C70: BERAS PUTIH Karena Alat/ Mesin | D70: GR | E70: 1 | F70: 0 | G70: 0 | H70: 0 | I70: 0 | J70: 0 | K70: 0 | L70: 0 | M70: 0 | N70: 0 | O70: 0 | P70: 0 | Q70: 0 | R70: 0 | S70: 0
F71: 0
A72: BERAS PUTIH | B72: Over Stock | C72: BERAS PUTIH dari Sisa Nasi Paper Wrap Karena Over Stock | D72: GR | E72: 0.46666667 | F72: 0 | G72: 0 | H72: 0 | I72: 0 | J72: 0 | K72: 0 | L72: 0 | M72: 0 | N72: 0 | O72: 0 | P72: 0 | Q72: 0 | R72: 0 | S72: 0
A73: BERAS PUTIH | B73: Handling | C73: BERAS PUTIH dari Sisa Nasi Paper Wrap Karena Handling | D73: GR | E73: 0.46666667 | F73: 0 | G73: 0 | H73: 0 | I73: 0 | J73: 0 | K73: 0 | L73: 0 | M73: 0 | N73: 0 | O73: 0 | P73: 0 | Q73: 0 | R73: 0 | S73: 0
A74: BERAS PUTIH | B74: Kualitas Internal | C74: BERAS PUTIH dari Sisa Nasi Paper Wrap Karena Kualitas Eksternal | D74: GR | E74: 0.46666667 | F74: 0 | G74: 0 | H74: 0 | I74: 0 | J74: 0 | K74: 0 | L74: 0 | M74: 0 | N74: 0 | O74: 0 | P74: 0 | Q74: 0 | R74: 0 | S74: 0
A75: BERAS PUTIH | B75: Alat/ Mesin | C75: BERAS PUTIH dari Sisa Nasi Paper Wrap Karena Alat/ Mesin | D75: GR | E75: 0.46666667 | F75: 0 | G75: 0 | H75: 0 | I75: 0 | J75: 0 | K75: 0 | L75: 0 | M75: 0 | N75: 0 | O75: 0 | P75: 0 | Q75: 0 | R75: 0 | S75: 0
F76: 0
A77: BERAS PUTIH | B77: Over Stock | C77: BERAS PUTIH dari Sisa Nasi Tray Karena Over Stock | D77: GR | E77: 0.46666667 | F77: 0 | G77: 0 | H77: 0 | I77: 0 | J77: 0 | K77: 0 | L77: 0 | M77: 0 | N77: 0 | O77: 0 | P77: 0 | Q77: 0 | R77: 0 | S77: 0
A78: BERAS PUTIH | B78: Handling | C78: BERAS PUTIH dari Sisa Nasi Tray Karena Handling | D78: GR | E78: 0.46666667 | F78: 0 | G78: 0 | H78: 0 | I78: 0 | J78: 0 | K78: 0 | L78: 0 | M78: 0 | N78: 0 | O78: 0 | P78: 0 | Q78: 0 | R78: 0 | S78: 0
A79: BERAS PUTIH | B79: Kualitas Internal | C79: BERAS PUTIH dari Sisa Nasi Tray Karena Kualitas Eksternal | D79: GR | E79: 0.46666667 | F79: 0 | G79: 0 | H79: 0 | I79: 0 | J79: 0 | K79: 0 | L79: 0 | M79: 0 | N79: 0 | O79: 0 | P79: 0 | Q79: 0 | R79: 0 | S79: 0
A80: BERAS PUTIH | B80: Alat/ Mesin | C80: BERAS PUTIH dari Sisa Nasi Tray Karena Alat/ Mesin | D80: GR | E80: 0.46666667 | F80: 0 | G80: 0 | H80: 0 | I80: 0 | J80: 0 | K80: 0 | L80: 0 | M80: 0 | N80: 0 | O80: 0 | P80: 0 | Q80: 0 | R80: 0 | S80: 0
F81: 0
A82: BIANG KERING KUAH | B82: Over Stock | C82: BIANG KERING KUAH Karena Over Stock | D82: GR | E82: 1 | F82: 0 | G82: 0 | H82: 0 | I82: 0 | J82: 0 | K82: 0 | L82: 0 | M82: 0 | N82: 0 | O82: 0 | P82: 0 | Q82: 0 | R82: 0 | S82: 0
A83: BIANG KERING KUAH | B83: Handling | C83: BIANG KERING KUAH Karena Handling | D83: GR | E83: 1 | F83: 0 | G83: 0 | H83: 0 | I83: 0 | J83: 0 | K83: 0 | L83: 0 | M83: 0 | N83: 0 | O83: 0 | P83: 0 | Q83: 0 | R83: 0 | S83: 0
A84: BIANG KERING KUAH | B84: Kualitas Internal | C84: BIANG KERING KUAH Karena Kualitas Internal | D84: GR | E84: 1 | F84: 0 | G84: 0 | H84: 0 | I84: 0 | J84: 0 | K84: 0 | L84: 0 | M84: 0 | N84: 0 | O84: 0 | P84: 0 | Q84: 0 | R84: 0 | S84: 0
A85: BIANG KERING KUAH | B85: Alat/ Mesin | C85: BIANG KERING KUAH Karena Alat/ Mesin | D85: GR | E85: 1 | F85: 0 | G85: 0 | H85: 0 | I85: 0 | J85: 0 | K85: 0 | L85: 0 | M85: 0 | N85: 0 | O85: 0 | P85: 0 | Q85: 0 | R85: 0 | S85: 0
F86: 0
A87: BIANG TEH (TEH NAGA DAN TEH GOPEK) | B87: Over Stock | C87: BIANG TEA TANPA GULA Karena Over Stock | D87: GR | E87: 1 | F87: 0 | G87: 0 | H87: 0 | I87: 0 | J87: 0 | K87: 0 | L87: 0 | M87: 0 | N87: 0 | O87: 0 | P87: 0 | Q87: 0 | R87: 0 | S87: 0
A88: BIANG TEH (TEH NAGA DAN TEH GOPEK) | B88: Handling | C88: BIANG TEA TANPA GULA Karena Handling | D88: GR | E88: 1 | F88: 0 | G88: 0 | H88: 0 | I88: 0 | J88: 0 | K88: 0 | L88: 0 | M88: 0 | N88: 0 | O88: 0 | P88: 0 | Q88: 0 | R88: 0 | S88: 0
A89: BIANG TEH (TEH NAGA DAN TEH GOPEK) | B89: Kualitas | C89: BIANG TEA TANPA GULA Karena Kualitas | D89: GR | E89: 1 | F89: 0 | G89: 0 | H89: 0 | I89: 0 | J89: 0 | K89: 0 | L89: 0 | M89: 0 | N89: 0 | O89: 0 | P89: 0 | Q89: 0 | R89: 0 | S89: 0
A90: BIANG TEH (TEH NAGA DAN TEH GOPEK) | B90: Alat/ Mesin | C90: BIANG TEA TANPA GULA Karena Alat/ Mesin | D90: GR | E90: 1 | F90: 0 | G90: 0 | H90: 0 | I90: 0 | J90: 0 | K90: 0 | L90: 0 | M90: 0 | N90: 0 | O90: 0 | P90: 0 | Q90: 0 | R90: 0 | S90: 0
F91: 0
A92: BIANG TEH (TEH NAGA DAN TEH GOPEK) | B92: Over Stock | C92: BIANG TEA PAKAI GULA Karena Over Stock | D92: GR | E92: 1 | F92: 0 | G92: 0 | H92: 0 | I92: 0 | J92: 0 | K92: 0 | L92: 0 | M92: 0 | N92: 0 | O92: 0 | P92: 0 | Q92: 0 | R92: 0 | S92: 2449
A93: BIANG TEH (TEH NAGA DAN TEH GOPEK) | B93: Handling | C93: BIANG TEA PAKAI GULA Karena Handling | D93: GR | E93: 1 | F93: 0 | G93: 0 | H93: 0 | I93: 0 | J93: 0 | K93: 0 | L93: 0 | M93: 0 | N93: 0 | O93: 374 | P93: 0 | Q93: 0 | R93: 437 | S93: 0
A94: BIANG TEH (TEH NAGA DAN TEH GOPEK) | B94: Kualitas | C94: BIANG TEA PAKAI GULA Karena Kualitas | D94: GR | E94: 1 | F94: 0 | G94: 0 | H94: 0 | I94: 0 | J94: 0 | K94: 0 | L94: 0 | M94: 0 | N94: 0 | O94: 0 | P94: 0 | Q94: 0 | R94: 0 | S94: 0
A95: BIANG TEH (TEH NAGA DAN TEH GOPEK) | B95: Alat/ Mesin | C95: BIANG TEA PAKAI GULA Karena Alat/ Mesin | D95: GR | E95: 1 | F95: 0 | G95: 0 | H95: 0 | I95: 0 | J95: 0 | K95: 0 | L95: 0 | M95: 0 | N95: 0 | O95: 0 | P95: 0 | Q95: 0 | R95: 0 | S95: 0
F96: 0
A97: BLUEBERRY SAUCE | B97: Over Stock | C97: BLUEBERRY SAUCE Karena Over Stock | D97: GR | E97: 1 | F97: 0 | G97: 0 | H97: 0 | I97: 0 | J97: 0 | K97: 0 | L97: 0 | M97: 0 | N97: 0 | O97: 0 | P97: 0 | Q97: 0 | R97: 0 | S97: 0
A98: BLUEBERRY SAUCE | B98: Handling | C98: BLUEBERRY SAUCE Karena Handling | D98: GR | E98: 1 | F98: 0 | G98: 0 | H98: 0 | I98: 0 | J98: 0 | K98: 0 | L98: 0 | M98: 0 | N98: 0 | O98: 0 | P98: 0 | Q98: 0 | R98: 0 | S98: 0
A99: BLUEBERRY SAUCE | B99: Kualitas Internal | C99: BLUEBERRY SAUCE Karena Kualitas Internal | D99: GR | E99: 1 | F99: 0 | G99: 0 | H99: 0 | I99: 0 | J99: 0 | K99: 0 | L99: 0 | M99: 0 | N99: 0 | O99: 0 | P99: 0 | Q99: 0 | R99: 0 | S99: 0
A100: BLUEBERRY SAUCE | B100: Alat/ Mesin | C100: BLUEBERRY SAUCE Karena Alat/ Mesin | D100: GR | E100: 1 | F100: 0 | G100: 0 | H100: 0 | I100: 0 | J100: 0 | K100: 0 | L100: 0 | M100: 0 | N100: 0 | O100: 0 | P100: 0 | Q100: 0 | R100: 0 | S100: 0
...

Sheet PIVOT HASIL SO (2)

Sheet CEK STATUS INPUT
B2: DASHBOARD STATUS INPUT
B5: Periode: | C5: =TEXT(TanggalMulai,"mmm yyyy") -> Sep 2026 | E5: Hari ini (index): | F5: 1 | G5: =INDEX(_PERIODE!C10:C40,F5) -> 46266
B8: STATUS INPUT SHEET
B10: No | C10: Sheet Name | D10: Description | E10: Status | F10: Progress | G10: Last Updated | H10: Action
B11: 1 | C11: INPUT SO HARIAN | D11: Stock Opname harian per item | E11: =PROPER(_TRACKING!D4) -> Progress | F11: =_TRACKING!E4&"/"&_TRACKING!C4 -> 14/31 | G11: =_TRACKING!G4 -> 46279 | H11: Open >
B12: 2 | C12: INPUT BARANG MASUK | D12: Penerimaan barang harian | E12: =PROPER(_TRACKING!D5) -> Progress | F12: =_TRACKING!E5&"/"&_TRACKING!C5 -> 12/31 | G12: =_TRACKING!G5 -> 46279 | H12: Open >
B13: 3 | C13: INPUT BARANG KELUAR | D13: Pengeluaran barang harian (Pengirman antar Resto & Retur) | E13: =PROPER(_TRACKING!D6) -> Progress | F13: =_TRACKING!E6&"/"&_TRACKING!C6 -> 4/31 | G13: =_TRACKING!G6 -> 46275 | H13: Open >
B14: 4 | C14: INPUT PENJUALAN 00 | D14: Penjualan Dine In dan Take Away Jam 12.00 Malam | E14: =PROPER(_TRACKING!D7) -> Progress | F14: =_TRACKING!E7&"/"&_TRACKING!C7 -> 14/31 | G14: =_TRACKING!G7 -> 46279 | H14: Open >
B15: 5 | C15: INPUT PROMIX 04 | D15: Penjualan Dine In dan Take Away Jam 04.00 Subuh | E15: =PROPER(_TRACKING!D8) -> Belum Ada Inputan | F15: =_TRACKING!E8&"/"&_TRACKING!C8 -> 0/31 | G15: =_TRACKING!G8 -> Belum ada | H15: Open >
B16: 6 | C16: WASTE DINE IN KARNA HANDLING | D16: Waste porsi handling | E16: =PROPER(_TRACKING!D9) -> Belum Ada Inputan | F16: =_TRACKING!E9&"/"&_TRACKING!C9 -> 0/31 | G16: =_TRACKING!G9 -> Belum ada | H16: Open >
B17: 7 | C17: WASTE PORSI CANCELNOTA | D17: Waste porsi cancel nota | E17: =PROPER(_TRACKING!D10) -> Belum Ada Inputan | F17: =_TRACKING!E10&"/"&_TRACKING!C10 -> 0/31 | G17: =_TRACKING!G10 -> Belum ada | H17: Open >
B18: 8 | C18: TRIAL PORSI | D18: Trial porsi menu | E18: =PROPER(_TRACKING!D11) -> Progress | F18: =_TRACKING!E11&"/"&_TRACKING!C11 -> 2/31 | G18: =_TRACKING!G11 -> 46279 | H18: Open >
B19: 9 | C19: WASTE BAHAN dan PACKAGING | D19: Waste bahan | E19: =PROPER(_TRACKING!D12) -> Progress | F19: =_TRACKING!E12&"/"&_TRACKING!C12 -> 14/31 | G19: =_TRACKING!G12 -> 46279 | H19: Open >
B20: 10 | C20: SUSUT | D20: Susut harian per item | E20: =PROPER(_TRACKING!D13) -> Progress | F20: =_TRACKING!E13&"/"&_TRACKING!C13 -> 5/31 | G20: =_TRACKING!G13 -> 46279 | H20: Open >
B21: 11 | C21: TRIAL BAHAN | D21: Trial bahan | E21: =PROPER(_TRACKING!D14) -> Progress | F21: =_TRACKING!E14&"/"&_TRACKING!C14 -> 4/31 | G21: =_TRACKING!G14 -> 46279 | H21: Open >
B22: 12 | C22: STOK AWAL | D22: Stock awal periode (1x per bulan) | E22: =PROPER(_TRACKING!D15) -> Completed | F22: =_TRACKING!E15&"/"&_TRACKING!C15 -> 1/1 | G22: =_TRACKING!G15 -> 46266 | H22: Open >
B25: RINGKASAN
B26: Total Sheet | C26: =COUNTA(C11:C22) -> 12
B27: Completed | C27: =COUNTIF(E11:E22,"COMPLETED") -> 1
B28: In Progress | C28: =COUNTIF(E11:E22,"IN PROGRESS") -> 0
B29: Pending | C29: =COUNTIF(E11:E22,"PENDING") -> 0
B30: Last Activity (max) | C30: =IF(COUNT(G11:G22)=0,"Belum ada data",MAX(G11:G22)) -> 46279

Sheet STOK AWAL
A1: NAMA BARANG | B1: SATUAN | C1: STOCK AWAL
A2: ADONAN GORENG MEKAR | B2: GR | C2: 186493
A3: AIR MINERAL BOTOL (V.20) | B3: BOTOL | C3: 1156
A4: ARANG BAKARAN | B4: GR | C4: 585017
A5: AYAM KECAP | B5: GR | C5: 0
A6: BAKSO HALUS | B6: PCS | C6: 31281
A7: BAKSO URAT | B7: PCS | C7: 3078
A8: BASIC POWDER | B8: GR | C8: 0
A9: BASRENG | B9: PCS | C9: 12084
A10: BAWANG MERAH GORENG | B10: GR | C10: 35898
A11: BAWANG PUTIH GORENG (V.20) | B11: GR | C11: 18994
A12: BERAS PUTIH | B12: GR | C12: 34800
A13: BIANG KERING KUAH | B13: GR | C13: 121000
... A40: HAZELNUT CHOCO SAUCE | B40: GR | C40: 22731
A41: KABEL TIES -RESTO | B41: PCS | C41: #N/A
A42: KARET | B42: PACK | C42: 25
A43: KECAP BAKSO | B43: GR | C43: 90799
A44: KELLOGG’S FROOT LOOPS | B44: GR | C44: 7033
A45: KERTAS BAKPAO 10.5 CM (V.20) | B45: PCS | C45: 17000
A46: KERTAS MINYAK (V.20) | B46: PACK | C46: 0
A47: KERTAS THERMAL | B47: PCS | C47: 120
A48: KLIP PE 4 X 6 | B48: LEMBAR | C48: 4100
A49: KRESEK BESAR | B49: PACK | C49: 71
A50: KRESEK JUMBO | B50: PACK | C50: 45
A51: KRESEK KECIL | B51: PACK | C51: 97
A52: KRESEK SEDANG | B52: PACK | C52: 147
A53: KUAH BAKSO | B53: GR | C53: 0
... A103: VANILLA SOFT MIX ICE MIX (V.20) | B103: ML | C103: 756849.3

Sheet _TRACKING
A1: TRACKING SHEET (HIDDEN) - Auto-scan input sheets, jangan edit manual
A3: No | B3: Sheet Name | C3: Total Days | D3: Status | E3: Filled Days | F3: Last Filled Day | G3: Last Updated | H3: D1 | I3: D2 | J3: D3 | K3: D4 | L3: D5 | M3: D6 | N3: D7 | O3: D8 | P3: D9 | Q3: D10 | R3: D11 | S3: D12 | T3: D13 | U3: D14 | V3: D15 | W3: D16 | X3: D17 | Y3: D18 | Z3: D19 | AA3: D20 | AB3: D21 | AC3: D22 | AD3: D23 | AE3: D24 | AF3: D25 | AG3: D26 | AH3: D27 | AI3: D28 | AJ3: D29 | AK3: D30 | AL3: D31
A4: 1 | B4: INPUT SO HARIAN | C4: 31 | D4: =IF(C4=E4,"COMPLETED",IF(E4=0,"BELUM ADA INPUTAN","PROGRESS")) -> PROGRESS | E4: =SUM(H4:U4) -> 14 | F4: {=IFERROR(LOOKUP(2,1/(H4:U4=1),_PERIODE!$B$10:$B$40),0)} -> 14 | G4: =IFERROR(INDEX(_PERIODE!$C$10:$C$40,MATCH(F4,_PERIODE!$B$10:$B$40,0)),"Belum ada") -> 46279 | H4: =IF(COUNTA(IPT_SO_HARIAN[1])>0,1,0) -> 1 | I4: =IF(COUNTA(IPT_SO_HARIAN[2])>0,1,0) -> 1 | J4: =IF(COUNTA(IPT_SO_HARIAN[3])>0,1,0) -> 1 | K4: =IF(COUNTA(IPT_SO_HARIAN[4])>0,1,0) -> 1 | L4: =IF(COUNTA(IPT_SO_HARIAN[5])>0,1,0) -> 1 | M4: =IF(COUNTA(IPT_SO_HARIAN[6])>0,1,0) -> 1 | N4: =IF(COUNTA(IPT_SO_HARIAN[7])>0,1,0) -> 1 | O4: =IF(COUNTA(IPT_SO_HARIAN[8])>0,1,0) -> 1 | P4: =IF(COUNTA(IPT_SO_HARIAN[9])>0,1,0) -> 1 | Q4: =IF(COUNTA(IPT_SO_HARIAN[10])>0,1,0) -> 1 | R4: =IF(COUNTA(IPT_SO_HARIAN[11])>0,1,0) -> 1 | S4: =IF(COUNTA(IPT_SO_HARIAN[12])>0,1,0) -> 1 | T4: =IF(COUNTA(IPT_SO_HARIAN[13])>0,1,0) -> 1 | U4: =IF(COUNTA(IPT_SO_HARIAN[14])>0,1,0) -> 1 | V4: =IF(COUNTA(IPT_SO_HARIAN[15])>0,1,0) -> 0 | W4: =IF(COUNTA(IPT_SO_HARIAN[16])>0,1,0) -> 0 | X4: =IF(COUNTA(IPT_SO_HARIAN[17])>0,1,0) -> 0 | Y4: =IF(COUNTA(IPT_SO_HARIAN[18])>0,1,0) -> 0 | Z4: =IF(COUNTA(IPT_SO_HARIAN[19])>0,1,0) -> 0 | AA4: =IF(COUNTA(IPT_SO_HARIAN[20])>0,1,0) -> 0 | AB4: =IF(COUNTA(IPT_SO_HARIAN[21])>0,1,0) -> 0 | AC4: =IF(COUNTA(IPT_SO_HARIAN[22])>0,1,0) -> 0 | AD4: =IF(COUNTA(IPT_SO_HARIAN[23])>0,1,0) -> 0 | AE4: =IF(COUNTA(IPT_SO_HARIAN[24])>0,1,0) -> 0 | AF4: =IF(COUNTA(IPT_SO_HARIAN[25])>0,1,0) -> 0 | AG4: =IF(COUNTA(IPT_SO_HARIAN[26])>0,1,0) -> 0 | AH4: =IF(COUNTA(IPT_SO_HARIAN[27])>0,1,0) -> 0 | AI4: =IF(COUNTA(IPT_SO_HARIAN[28])>0,1,0) -> 0 | AJ4: =IF(COUNTA(IPT_SO_HARIAN[29])>0,1,0) -> 0 | AK4: =IF(COUNTA(IPT_SO_HARIAN[30])>0,1,0) -> 0 | AL4: =IF(COUNTA(IPT_SO_HARIAN[31])>0,1,0) -> 0
A5: 2 | B5: INPUT BARANG MASUK | C5: 31 | D5: =IF(C5=E5,"COMPLETED",IF(E5=0,"BELUM ADA INPUTAN","PROGRESS")) -> PROGRESS | E5: =SUM(H5:U5) -> 12 | F5: {=IFERROR(LOOKUP(2,1/(H5:U5=1),_PERIODE!$B$10:$B$40),0)} -> 14 | G5: =IFERROR(INDEX(_PERIODE!$C$10:$C$40,MATCH(F5,_PERIODE!$B$10:$B$40,0)),"Belum ada") -> 46279 | H5: =IF(COUNTA(IPT_BARANG_MASUK[1])>0,1,0) -> 1 | I5: =IF(COUNTA(IPT_BARANG_MASUK[2])>0,1,0) -> 1 | J5: =IF(COUNTA(IPT_BARANG_MASUK[3])>0,1,0) -> 1 | K5: =IF(COUNTA(IPT_BARANG_MASUK[4])>0,1,0) -> 0 | L5: =IF(COUNTA(IPT_BARANG_MASUK[5])>0,1,0) -> 1 | M5: =IF(COUNTA(IPT_BARANG_MASUK[6])>0,1,0) -> 1 | N5: =IF(COUNTA(IPT_BARANG_MASUK[7])>0,1,0) -> 1 | O5: =IF(COUNTA(IPT_BARANG_MASUK[8])>0,1,0) -> 1 | P5: =IF(COUNTA(IPT_BARANG_MASUK[9])>0,1,0) -> 1 | Q5: =IF(COUNTA(IPT_BARANG_MASUK[10])>0,1,0) -> 1 | R5: =IF(COUNTA(IPT_BARANG_MASUK[11])>0,1,0) -> 0 | S5: =IF(COUNTA(IPT_BARANG_MASUK[12])>0,1,0) -> 1 | T5: =IF(COUNTA(IPT_BARANG_MASUK[13])>0,1,0) -> 1 | U5: =IF(COUNTA(IPT_BARANG_MASUK[14])>0,1,0) -> 1 | V5: =IF(COUNTA(IPT_BARANG_MASUK[15])>0,1,0) -> 0 | W5: =IF(COUNTA(IPT_BARANG_MASUK[16])>0,1,0) -> 0 | X5: =IF(COUNTA(IPT_BARANG_MASUK[17])>0,1,0) -> 0 | Y5: =IF(COUNTA(IPT_BARANG_MASUK[18])>0,1,0) -> 0 | Z5: =IF(COUNTA(IPT_BARANG_MASUK[19])>0,1,0) -> 0 | AA5: =IF(COUNTA(IPT_BARANG_MASUK[20])>0,1,0) -> 0 | AB5: =IF(COUNTA(IPT_BARANG_MASUK[21])>0,1,0) -> 0 | AC5: =IF(COUNTA(IPT_BARANG_MASUK[22])>0,1,0) -> 0 | AD5: =IF(COUNTA(IPT_BARANG_MASUK[23])>0,1,0) -> 0 | AE5: =IF(COUNTA(IPT_BARANG_MASUK[24])>0,1,0) -> 0 | AF5: =IF(COUNTA(IPT_BARANG_MASUK[25])>0,1,0) -> 0 | AG5: =IF(COUNTA(IPT_BARANG_MASUK[26])>0,1,0) -> 0 | AH5: =IF(COUNTA(IPT_BARANG_MASUK[27])>0,1,0) -> 0 | AI5: =IF(COUNTA(IPT_BARANG_MASUK[28])>0,1,0) -> 0 | AJ5: =IF(COUNTA(IPT_BARANG_MASUK[29])>0,1,0) -> 0 | AK5: =IF(COUNTA(IPT_BARANG_MASUK[30])>0,1,0) -> 0 | AL5: =IF(COUNTA(IPT_BARANG_MASUK[31])>0,1,0) -> 0
A6: 3 | B6: INPUT BARANG KELUAR | C6: 31 | D6: =IF(C6=E6,"COMPLETED",IF(E6=0,"BELUM ADA INPUTAN","PROGRESS")) -> PROGRESS | E6: =SUM(H6:U6) -> 4 | F6: {=IFERROR(LOOKUP(2,1/(H6:U6=1),_PERIODE!$B$10:$B$40),0)} -> 10 | G6: =IFERROR(INDEX(_PERIODE!$C$10:$C$40,MATCH(F6,_PERIODE!$B$10:$B$40,0)),"Belum ada") -> 46275 | H6: =IF(COUNTA(IPT_BARANG_KELUAR[1])>0,1,0) -> 1 | I6: =IF(COUNTA(IPT_BARANG_KELUAR[2])>0,1,0) -> 1 | J6: =IF(COUNTA(IPT_BARANG_KELUAR[3])>0,1,0) -> 0 | K6: =IF(COUNTA(IPT_BARANG_KELUAR[4])>0,1,0) -> 0 | L6: =IF(COUNTA(IPT_BARANG_KELUAR[5])>0,1,0) -> 0 | M6: =IF(COUNTA(IPT_BARANG_KELUAR[6])>0,1,0) -> 1 | N6: =IF(COUNTA(IPT_BARANG_KELUAR[7])>0,1,0) -> 0 | O6: =IF(COUNTA(IPT_BARANG_KELUAR[8])>0,1,0) -> 0 | P6: =IF(COUNTA(IPT_BARANG_KELUAR[9])>0,1,0) -> 0 | Q6: =IF(COUNTA(IPT_BARANG_KELUAR[10])>0,1,0) -> 1 | R6: =IF(COUNTA(IPT_BARANG_KELUAR[11])>0,1,0) -> 0 | S6: =IF(COUNTA(IPT_BARANG_KELUAR[12])>0,1,0) -> 0 | T6: =IF(COUNTA(IPT_BARANG_KELUAR[13])>0,1,0) -> 0 | U6: =IF(COUNTA(IPT_BARANG_KELUAR[14])>0,1,0) -> 0 | V6: =IF(COUNTA(IPT_BARANG_KELUAR[15])>0,1,0) -> 0 | W6: =IF(COUNTA(IPT_BARANG_KELUAR[16])>0,1,0) -> 0 | X6: =IF(COUNTA(IPT_BARANG_KELUAR[17])>0,1,0) -> 0 | Y6: =IF(COUNTA(IPT_BARANG_KELUAR[18])>0,1,0) -> 0 | Z6: =IF(COUNTA(IPT_BARANG_KELUAR[19])>0,1,0) -> 0 | AA6: =IF(COUNTA(IPT_BARANG_KELUAR[20])>0,1,0) -> 0 | AB6: =IF(COUNTA(IPT_BARANG_KELUAR[21])>0,1,0) -> 0 | AC6: =IF(COUNTA(IPT_BARANG_KELUAR[22])>0,1,0) -> 0 | AD6: =IF(COUNTA(IPT_BARANG_KELUAR[23])>0,1,0) -> 0 | AE6: =IF(COUNTA(IPT_BARANG_KELUAR[24])>0,1,0) -> 0 | AF6: =IF(COUNTA(IPT_BARANG_KELUAR[25])>0,1,0) -> 0 | AG6: =IF(COUNTA(IPT_BARANG_KELUAR[26])>0,1,0) -> 0 | AH6: =IF(COUNTA(IPT_BARANG_KELUAR[27])>0,1,0) -> 0 | AI6: =IF(COUNTA(IPT_BARANG_KELUAR[28])>0,1,0) -> 0 | AJ6: =IF(COUNTA(IPT_BARANG_KELUAR[29])>0,1,0) -> 0 | AK6: =IF(COUNTA(IPT_BARANG_KELUAR[30])>0,1,0) -> 0 | AL6: =IF(COUNTA(IPT_BARANG_KELUAR[31])>0,1,0) -> 0
A7: 4 | B7: INPUT PENJUALAN 00 | C7: 31 | D7: =IF(C7=E7,"COMPLETED",IF(E7=0,"BELUM ADA INPUTAN","PROGRESS")) -> PROGRESS | E7: =SUM(H7:U7) -> 14 | F7: {=IFERROR(LOOKUP(2,1/(H7:U7=1),_PERIODE!$B$10:$B$40),0)} -> 14 | G7: =IFERROR(INDEX(_PERIODE!$C$10:$C$40,MATCH(F7,_PERIODE!$B$10:$B$40,0)),"Belum ada") -> 46279 | H7: =IF(COUNTA(IPT_PROMIX_00[1])>0,1,0) -> 1 | I7: =IF(COUNTA(IPT_PROMIX_00[2])>0,1,0) -> 1 | J7: =IF(COUNTA(IPT_PROMIX_00[3])>0,1,0) -> 1 | K7: =IF(COUNTA(IPT_PROMIX_00[4])>0,1,0) -> 1 | L7: =IF(COUNTA(IPT_PROMIX_00[5])>0,1,0) -> 1 | M7: =IF(COUNTA(IPT_PROMIX_00[6])>0,1,0) -> 1 | N7: =IF(COUNTA(IPT_PROMIX_00[7])>0,1,0) -> 1 | O7: =IF(COUNTA(IPT_PROMIX_00[8])>0,1,0) -> 1 | P7: =IF(COUNTA(IPT_PROMIX_00[9])>0,1,0) -> 1 | Q7: =IF(COUNTA(IPT_PROMIX_00[10])>0,1,0) -> 1 | R7: =IF(COUNTA(IPT_PROMIX_00[11])>0,1,0) -> 1 | S7: =IF(COUNTA(IPT_PROMIX_00[12])>0,1,0) -> 1 | T7: =IF(COUNTA(IPT_PROMIX_00[13])>0,1,0) -> 1 | U7: =IF(COUNTA(IPT_PROMIX_00[14])>0,1,0) -> 1 | V7: =IF(COUNTA(IPT_PROMIX_00[15])>0,1,0) -> 0 | W7: =IF(COUNTA(IPT_PROMIX_00[16])>0,1,0) -> 0 | X7: =IF(COUNTA(IPT_PROMIX_00[17])>0,1,0) -> 0 | Y7: =IF(COUNTA(IPT_PROMIX_00[18])>0,1,0) -> 0 | Z7: =IF(COUNTA(IPT_PROMIX_00[19])>0,1,0) -> 0 | AA7: =IF(COUNTA(IPT_PROMIX_00[20])>0,1,0) -> 0 | AB7: =IF(COUNTA(IPT_PROMIX_00[21])>0,1,0) -> 0 | AC7: =IF(COUNTA(IPT_PROMIX_00[22])>0,1,0) -> 0 | AD7: =IF(COUNTA(IPT_PROMIX_00[23])>0,1,0) -> 0 | AE7: =IF(COUNTA(IPT_PROMIX_00[24])>0,1,0) -> 0 | AF7: =IF(COUNTA(IPT_PROMIX_00[25])>0,1,0) -> 0 | AG7: =IF(COUNTA(IPT_PROMIX_00[26])>0,1,0) -> 0 | AH7: =IF(COUNTA(IPT_PROMIX_00[27])>0,1,0) -> 0 | AI7: =IF(COUNTA(IPT_PROMIX_00[28])>0,1,0) -> 0 | AJ7: =IF(COUNTA(IPT_PROMIX_00[29])>0,1,0) -> 0 | AK7: =IF(COUNTA(IPT_PROMIX_00[30])>0,1,0) -> 0 | AL7: =IF(COUNTA(IPT_PROMIX_00[31])>0,1,0) -> 0
A8: 5 | B8: INPUT PROMIX 04 | C8: 31 | D8: =IF(C8=E8,"COMPLETED",IF(E8=0,"BELUM ADA INPUTAN","PROGRESS")) -> BELUM ADA INPUTAN | E8: =SUM(H8:U8) -> 0 | F8: {=IFERROR(LOOKUP(2,1/(H8:U8=1),_PERIODE!$B$10:$B$40),0)} -> 0 | G8: =IFERROR(INDEX(_PERIODE!$C$10:$C$40,MATCH(F8,_PERIODE!$B$10:$B$40,0)),"Belum ada") -> Belum ada | H8: =IF(COUNTA(IPT_PROMIX_04[2])>0,1,0) -> 0 | I8: =IF(COUNTA(IPT_PROMIX_04[3])>0,1,0) -> 0 | J8: =IF(COUNTA(IPT_PROMIX_04[4])>0,1,0) -> 0 | K8: =IF(COUNTA(IPT_PROMIX_04[5])>0,1,0) -> 0 | L8: =IF(COUNTA(IPT_PROMIX_04[6])>0,1,0) -> 0 | M8: =IF(COUNTA(IPT_PROMIX_04[7])>0,1,0) -> 0 | N8: =IF(COUNTA(IPT_PROMIX_04[8])>0,1,0) -> 0 | O8: =IF(COUNTA(IPT_PROMIX_04[9])>0,1,0) -> 0 | P8: =IF(COUNTA(IPT_PROMIX_04[10])>0,1,0) -> 0 | Q8: =IF(COUNTA(IPT_PROMIX_04[11])>0,1,0) -> 0 | R8: =IF(COUNTA(IPT_PROMIX_04[12])>0,1,0) -> 0 | S8: =IF(COUNTA(IPT_PROMIX_04[13])>0,1,0) -> 0 | T8: =IF(COUNTA(IPT_PROMIX_04[14])>0,1,0) -> 0 | U8: =IF(COUNTA(IPT_PROMIX_04[15])>0,1,0) -> 0 | V8: =IF(COUNTA(IPT_PROMIX_04[16])>0,1,0) -> 0 | W8: =IF(COUNTA(IPT_PROMIX_04[17])>0,1,0) -> 0 | X8: =IF(COUNTA(IPT_PROMIX_04[18])>0,1,0) -> 0 | Y8: =IF(COUNTA(IPT_PROMIX_04[19])>0,1,0) -> 0 | Z8: =IF(COUNTA(IPT_PROMIX_04[20])>0,1,0) -> 0 | AA8: =IF(COUNTA(IPT_PROMIX_04[21])>0,1,0) -> 0 | AB8: =IF(COUNTA(IPT_PROMIX_04[22])>0,1,0) -> 0 | AC8: =IF(COUNTA(IPT_PROMIX_04[23])>0,1,0) -> 0 | AD8: =IF(COUNTA(IPT_PROMIX_04[24])>0,1,0) -> 0 | AE8: =IF(COUNTA(IPT_PROMIX_04[25])>0,1,0) -> 0 | AF8: =IF(COUNTA(IPT_PROMIX_04[26])>0,1,0) -> 0 | AG8: =IF(COUNTA(IPT_PROMIX_04[27])>0,1,0) -> 0 | AH8: =IF(COUNTA(IPT_PROMIX_04[28])>0,1,0) -> 0 | AI8: =IF(COUNTA(IPT_PROMIX_04[29])>0,1,0) -> 0 | AJ8: =IF(COUNTA(IPT_PROMIX_04[30])>0,1,0) -> 0 | AK8: =IF(COUNTA(IPT_PROMIX_04[31])>0,1,0) -> 0 | AL8: =IF(COUNTA(IPT_PROMIX_04[1])>0,1,0) -> 0
A9: 6 | B9: WASTE DINE IN KARNA HANDLING | C9: 31 | D9: =IF(C9=E9,"COMPLETED",IF(E9=0,"BELUM ADA INPUTAN","PROGRESS")) -> BELUM ADA INPUTAN | E9: =SUM(H9:U9) -> 0 | F9: {=IFERROR(LOOKUP(2,1/(H9:U9=1),_PERIODE!$B$10:$B$40),0)} -> 0 | G9: =IFERROR(INDEX(_PERIODE!$C$10:$C$40,MATCH(F9,_PERIODE!$B$10:$B$40,0)),"Belum ada") -> Belum ada | H9: =IF(COUNTA(IPT_WASTE_HANDLING_DINE_IN[1])>0,1,0) -> 0 | I9: =IF(COUNTA(IPT_WASTE_HANDLING_DINE_IN[2])>0,1,0) -> 0 | J9: =IF(COUNTA(IPT_WASTE_HANDLING_DINE_IN[3])>0,1,0) -> 0 | K9: =IF(COUNTA(IPT_WASTE_HANDLING_DINE_IN[4])>0,1,0) -> 0 | L9: =IF(COUNTA(IPT_WASTE_HANDLING_DINE_IN[5])>0,1,0) -> 0 | M9: =IF(COUNTA(IPT_WASTE_HANDLING_DINE_IN[6])>0,1,0) -> 0 | N9: =IF(COUNTA(IPT_WASTE_HANDLING_DINE_IN[7])>0,1,0) -> 0 | O9: =IF(COUNTA(IPT_WASTE_HANDLING_DINE_IN[8])>0,1,0) -> 0 | P9: =IF(COUNTA(IPT_WASTE_HANDLING_DINE_IN[9])>0,1,0) -> 0 | Q9: =IF(COUNTA(IPT_WASTE_HANDLING_DINE_IN[10])>0,1,0) -> 0 | R9: =IF(COUNTA(IPT_WASTE_HANDLING_DINE_IN[11])>0,1,0) -> 0 | S9: =IF(COUNTA(IPT_WASTE_HANDLING_DINE_IN[12])>0,1,0) -> 0 | T9: =IF(COUNTA(IPT_WASTE_HANDLING_DINE_IN[13])>0,1,0) -> 0 | U9: =IF(COUNTA(IPT_WASTE_HANDLING_DINE_IN[14])>0,1,0) -> 0 | V9: =IF(COUNTA(IPT_WASTE_HANDLING_DINE_IN[15])>0,1,0) -> 0 | W9: =IF(COUNTA(IPT_WASTE_HANDLING_DINE_IN[16])>0,1,0) -> 0 | X9: =IF(COUNTA(IPT_WASTE_HANDLING_DINE_IN[17])>0,1,0) -> 0 | Y9: =IF(COUNTA(IPT_WASTE_HANDLING_DINE_IN[18])>0,1,0) -> 0 | Z9: =IF(COUNTA(IPT_WASTE_HANDLING_DINE_IN[19])>0,1,0) -> 0 | AA9: =IF(COUNTA(IPT_WASTE_HANDLING_DINE_IN[20])>0,1,0) -> 0 | AB9: =IF(COUNTA(IPT_WASTE_HANDLING_DINE_IN[21])>0,1,0) -> 0 | AC9: =IF(COUNTA(IPT_WASTE_HANDLING_DINE_IN[22])>0,1,0) -> 0 | AD9: =IF(COUNTA(IPT_WASTE_HANDLING_DINE_IN[23])>0,1,0) -> 0 | AE9: =IF(COUNTA(IPT_WASTE_HANDLING_DINE_IN[24])>0,1,0) -> 0 | AF9: =IF(COUNTA(IPT_WASTE_HANDLING_DINE_IN[25])>0,1,0) -> 0 | AG9: =IF(COUNTA(IPT_WASTE_HANDLING_DINE_IN[26])>0,1,0) -> 0 | AH9: =IF(COUNTA(IPT_WASTE_HANDLING_DINE_IN[27])>0,1,0) -> 0 | AI9: =IF(COUNTA(IPT_WASTE_HANDLING_DINE_IN[28])>0,1,0) -> 0 | AJ9: =IF(COUNTA(IPT_WASTE_HANDLING_DINE_IN[29])>0,1,0) -> 0 | AK9: =IF(COUNTA(IPT_WASTE_HANDLING_DINE_IN[30])>0,1,0) -> 0 | AL9: =IF(COUNTA(IPT_WASTE_HANDLING_DINE_IN[31])>0,1,0) -> 0
A10: 7 | B10: WASTE PORSI CANCELNOTA | C10: 31 | D10: =IF(C10=E10,"COMPLETED",IF(E10=0,"BELUM ADA INPUTAN","PROGRESS")) -> BELUM ADA INPUTAN | E10: =SUM(H10:U10) -> 0 | F10: {=IFERROR(LOOKUP(2,1/(H10:U10=1),_PERIODE!$B$10:$B$40),0)} -> 0 | G10: =IFERROR(INDEX(_PERIODE!$C$10:$C$40,MATCH(F10,_PERIODE!$B$10:$B$40,0)),"Belum ada") -> Belum ada | H10: =IF(COUNTA(IPT_WASTE_CN[1])>0,1,0) -> 0 | I10: =IF(COUNTA(IPT_WASTE_CN[2])>0,1,0) -> 0 | J10: =IF(COUNTA(IPT_WASTE_CN[3])>0,1,0) -> 0 | K10: =IF(COUNTA(IPT_WASTE_CN[4])>0,1,0) -> 0 | L10: =IF(COUNTA(IPT_WASTE_CN[5])>0,1,0) -> 0 | M10: =IF(COUNTA(IPT_WASTE_CN[6])>0,1,0) -> 0 | N10: =IF(COUNTA(IPT_WASTE_CN[7])>0,1,0) -> 0 | O10: =IF(COUNTA(IPT_WASTE_CN[8])>0,1,0) -> 0 | P10: =IF(COUNTA(IPT_WASTE_CN[9])>0,1,0) -> 0 | Q10: =IF(COUNTA(IPT_WASTE_CN[10])>0,1,0) -> 0 | R10: =IF(COUNTA(IPT_WASTE_CN[11])>0,1,0) -> 0 | S10: =IF(COUNTA(IPT_WASTE_CN[12])>0,1,0) -> 0 | T10: =IF(COUNTA(IPT_WASTE_CN[13])>0,1,0) -> 0 | U10: =IF(COUNTA(IPT_WASTE_CN[14])>0,1,0) -> 0 | V10: =IF(COUNTA(IPT_WASTE_CN[15])>0,1,0) -> 0 | W10: =IF(COUNTA(IPT_WASTE_CN[16])>0,1,0) -> 0 | X10: =IF(COUNTA(IPT_WASTE_CN[17])>0,1,0) -> 0 | Y10: =IF(COUNTA(IPT_WASTE_CN[18])>0,1,0) -> 0 | Z10: =IF(COUNTA(IPT_WASTE_CN[19])>0,1,0) -> 0 | AA10: =IF(COUNTA(IPT_WASTE_CN[20])>0,1,0) -> 0 | AB10: =IF(COUNTA(IPT_WASTE_CN[21])>0,1,0) -> 0 | AC10: =IF(COUNTA(IPT_WASTE_CN[22])>0,1,0) -> 0 | AD10: =IF(COUNTA(IPT_WASTE_CN[23])>0,1,0) -> 0 | AE10: =IF(COUNTA(IPT_WASTE_CN[24])>0,1,0) -> 0 | AF10: =IF(COUNTA(IPT_WASTE_CN[25])>0,1,0) -> 0 | AG10: =IF(COUNTA(IPT_WASTE_CN[26])>0,1,0) -> 0 | AH10: =IF(COUNTA(IPT_WASTE_CN[27])>0,1,0) -> 0 | AI10: =IF(COUNTA(IPT_WASTE_CN[28])>0,1,0) -> 0 | AJ10: =IF(COUNTA(IPT_WASTE_CN[29])>0,1,0) -> 0 | AK10: =IF(COUNTA(IPT_WASTE_CN[30])>0,1,0) -> 0 | AL10: =IF(COUNTA(IPT_WASTE_CN[31])>0,1,0) -> 0
A11: 8 | B11: TRIAL PORSI | C11: 31 | D11: =IF(C11=E11,"COMPLETED",IF(E11=0,"BELUM ADA INPUTAN","PROGRESS")) -> PROGRESS | E11: =SUM(H11:U11) -> 2 | F11: {=IFERROR(LOOKUP(2,1/(H11:U11=1),_PERIODE!$B$10:$B$40),0)} -> 14 | G11: =IFERROR(INDEX(_PERIODE!$C$10:$C$40,MATCH(F11,_PERIODE!$B$10:$B$40,0)),"Belum ada") -> 46279 | H11: =IF(COUNTA(IPT_TRIAL_PORSI[1])>0,1,0) -> 0 | I11: =IF(COUNTA(IPT_TRIAL_PORSI[2])>0,1,0) -> 0 | J11: =IF(COUNTA(IPT_TRIAL_PORSI[3])>0,1,0) -> 0 | K11: =IF(COUNTA(IPT_TRIAL_PORSI[4])>0,1,0) -> 0 | L11: =IF(COUNTA(IPT_TRIAL_PORSI[5])>0,1,0) -> 0 | M11: =IF(COUNTA(IPT_TRIAL_PORSI[6])>0,1,0) -> 0 | N11: =IF(COUNTA(IPT_TRIAL_PORSI[7])>0,1,0) -> 0 | O11: =IF(COUNTA(IPT_TRIAL_PORSI[8])>0,1,0) -> 0 | P11: =IF(COUNTA(IPT_TRIAL_PORSI[9])>0,1,0) -> 1 | Q11: =IF(COUNTA(IPT_TRIAL_PORSI[10])>0,1,0) -> 0 | R11: =IF(COUNTA(IPT_TRIAL_PORSI[11])>0,1,0) -> 0 | S11: =IF(COUNTA(IPT_TRIAL_PORSI[12])>0,1,0) -> 0 | T11: =IF(COUNTA(IPT_TRIAL_PORSI[13])>0,1,0) -> 0 | U11: =IF(COUNTA(IPT_TRIAL_PORSI[14])>0,1,0) -> 1 | V11: =IF(COUNTA(IPT_TRIAL_PORSI[15])>0,1,0) -> 0 | W11: =IF(COUNTA(IPT_TRIAL_PORSI[16])>0,1,0) -> 0 | X11: =IF(COUNTA(IPT_TRIAL_PORSI[17])>0,1,0) -> 0 | Y11: =IF(COUNTA(IPT_TRIAL_PORSI[18])>0,1,0) -> 0 | Z11: =IF(COUNTA(IPT_TRIAL_PORSI[19])>0,1,0) -> 0 | AA11: =IF(COUNTA(IPT_TRIAL_PORSI[20])>0,1,0) -> 0 | AB11: =IF(COUNTA(IPT_TRIAL_PORSI[21])>0,1,0) -> 0 | AC11: =IF(COUNTA(IPT_TRIAL_PORSI[22])>0,1,0) -> 0 | AD11: =IF(COUNTA(IPT_TRIAL_PORSI[23])>0,1,0) -> 0 | AE11: =IF(COUNTA(IPT_TRIAL_PORSI[24])>0,1,0) -> 0 | AF11: =IF(COUNTA(IPT_TRIAL_PORSI[25])>0,1,0) -> 0 | AG11: =IF(COUNTA(IPT_TRIAL_PORSI[26])>0,1,0) -> 0 | AH11: =IF(COUNTA(IPT_TRIAL_PORSI[27])>0,1,0) -> 0 | AI11: =IF(COUNTA(IPT_TRIAL_PORSI[28])>0,1,0) -> 0 | AJ11: =IF(COUNTA(IPT_TRIAL_PORSI[29])>0,1,0) -> 0 | AK11: =IF(COUNTA(IPT_TRIAL_PORSI[30])>0,1,0) -> 0 | AL11: =IF(COUNTA(IPT_TRIAL_PORSI[31])>0,1,0) -> 0
A12: 9 | B12: WASTE BAHAN dan PACKAGING | C12: 31 | D12: =IF(C12=E12,"COMPLETED",IF(E12=0,"BELUM ADA INPUTAN","PROGRESS")) -> PROGRESS | E12: =SUM(H12:U12) -> 14 | F12: {=IFERROR(LOOKUP(2,1/(H12:U12=1),_PERIODE!$B$10:$B$40),0)} -> 14 | G12: =IFERROR(INDEX(_PERIODE!$C$10:$C$40,MATCH(F12,_PERIODE!$B$10:$B$40,0)),"Belum ada") -> 46279 | H12: =IF(COUNTA(IPT_WASTE_BAHAN_DAN_PACKAGING[1])>0,1,0) -> 1 | I12: =IF(COUNTA(IPT_WASTE_BAHAN_DAN_PACKAGING[2])>0,1,0) -> 1 | J12: =IF(COUNTA(IPT_WASTE_BAHAN_DAN_PACKAGING[3])>0,1,0) -> 1 | K12: =IF(COUNTA(IPT_WASTE_BAHAN_DAN_PACKAGING[4])>0,1,0) -> 1 | L12: =IF(COUNTA(IPT_WASTE_BAHAN_DAN_PACKAGING[5])>0,1,0) -> 1 | M12: =IF(COUNTA(IPT_WASTE_BAHAN_DAN_PACKAGING[6])>0,1,0) -> 1 | N12: =IF(COUNTA(IPT_WASTE_BAHAN_DAN_PACKAGING[7])>0,1,0) -> 1 | O12: =IF(COUNTA(IPT_WASTE_BAHAN_DAN_PACKAGING[8])>0,1,0) -> 1 | P12: =IF(COUNTA(IPT_WASTE_BAHAN_DAN_PACKAGING[9])>0,1,0) -> 1 | Q12: =IF(COUNTA(IPT_WASTE_BAHAN_DAN_PACKAGING[10])>0,1,0) -> 1 | R12: =IF(COUNTA(IPT_WASTE_BAHAN_DAN_PACKAGING[11])>0,1,0) -> 1 | S12: =IF(COUNTA(IPT_WASTE_BAHAN_DAN_PACKAGING[12])>0,1,0) -> 1 | T12: =IF(COUNTA(IPT_WASTE_BAHAN_DAN_PACKAGING[13])>0,1,0) -> 1 | U12: =IF(COUNTA(IPT_WASTE_BAHAN_DAN_PACKAGING[14])>0,1,0) -> 1 | V12: =IF(COUNTA(IPT_WASTE_BAHAN_DAN_PACKAGING[15])>0,1,0) -> 0 | W12: =IF(COUNTA(IPT_WASTE_BAHAN_DAN_PACKAGING[16])>0,1,0) -> 0 | X12: =IF(COUNTA(IPT_WASTE_BAHAN_DAN_PACKAGING[17])>0,1,0) -> 0 | Y12: =IF(COUNTA(IPT_WASTE_BAHAN_DAN_PACKAGING[18])>0,1,0) -> 0 | Z12: =IF(COUNTA(IPT_WASTE_BAHAN_DAN_PACKAGING[19])>0,1,0) -> 0 | AA12: =IF(COUNTA(IPT_WASTE_BAHAN_DAN_PACKAGING[20])>0,1,0) -> 0 | AB12: =IF(COUNTA(IPT_WASTE_BAHAN_DAN_PACKAGING[21])>0,1,0) -> 0 | AC12: =IF(COUNTA(IPT_WASTE_BAHAN_DAN_PACKAGING[22])>0,1,0) -> 0 | AD12: =IF(COUNTA(IPT_WASTE_BAHAN_DAN_PACKAGING[23])>0,1,0) -> 0 | AE12: =IF(COUNTA(IPT_WASTE_BAHAN_DAN_PACKAGING[24])>0,1,0) -> 0 | AF12: =IF(COUNTA(IPT_WASTE_BAHAN_DAN_PACKAGING[25])>0,1,0) -> 0 | AG12: =IF(COUNTA(IPT_WASTE_BAHAN_DAN_PACKAGING[26])>0,1,0) -> 0 | AH12: =IF(COUNTA(IPT_WASTE_BAHAN_DAN_PACKAGING[27])>0,1,0) -> 0 | AI12: =IF(COUNTA(IPT_WASTE_BAHAN_DAN_PACKAGING[28])>0,1,0) -> 0 | AJ12: =IF(COUNTA(IPT_WASTE_BAHAN_DAN_PACKAGING[29])>0,1,0) -> 0 | AK12: =IF(COUNTA(IPT_WASTE_BAHAN_DAN_PACKAGING[30])>0,1,0) -> 0 | AL12: =IF(COUNTA(IPT_WASTE_BAHAN_DAN_PACKAGING[31])>0,1,0) -> 0
A13: 10 | B13: SUSUT | C13: 31 | D13: =IF(C13=E13,"COMPLETED",IF(E13=0,"BELUM ADA INPUTAN","PROGRESS")) -> PROGRESS | E13: =SUM(H13:U13) -> 5 | F13: {=IFERROR(LOOKUP(2,1/(H13:U13=1),_PERIODE!$B$10:$B$40),0)} -> 14 | G13: =IFERROR(INDEX(_PERIODE!$C$10:$C$40,MATCH(F13,_PERIODE!$B$10:$B$40,0)),"Belum ada") -> 46279 | H13: =IF(COUNTA(SUSUT[1])>0,1,0) -> 1 | I13: =IF(COUNTA(SUSUT[2])>0,1,0) -> 0 | J13: =IF(COUNTA(SUSUT[3])>0,1,0) -> 0 | K13: =IF(COUNTA(SUSUT[4])>0,1,0) -> 0 | L13: =IF(COUNTA(SUSUT[5])>0,1,0) -> 1 | M13: =IF(COUNTA(SUSUT[6])>0,1,0) -> 0 | N13: =IF(COUNTA(SUSUT[7])>0,1,0) -> 1 | O13: =IF(COUNTA(SUSUT[8])>0,1,0) -> 0 | P13: =IF(COUNTA(SUSUT[9])>0,1,0) -> 0 | Q13: =IF(COUNTA(SUSUT[10])>0,1,0) -> 0 | R13: =IF(COUNTA(SUSUT[11])>0,1,0) -> 0 | S13: =IF(COUNTA(SUSUT[12])>0,1,0) -> 0 | T13: =IF(COUNTA(SUSUT[13])>0,1,0) -> 1 | U13: =IF(COUNTA(SUSUT[14])>0,1,0) -> 1 | V13: =IF(COUNTA(SUSUT[15])>0,1,0) -> 0 | W13: =IF(COUNTA(SUSUT[16])>0,1,0) -> 0 | X13: =IF(COUNTA(SUSUT[17])>0,1,0) -> 0 | Y13: =IF(COUNTA(SUSUT[18])>0,1,0) -> 0 | Z13: =IF(COUNTA(SUSUT[19])>0,1,0) -> 0 | AA13: =IF(COUNTA(SUSUT[20])>0,1,0) -> 0 | AB13: =IF(COUNTA(SUSUT[21])>0,1,0) -> 0 | AC13: =IF(COUNTA(SUSUT[22])>0,1,0) -> 0 | AD13: =IF(COUNTA(SUSUT[23])>0,1,0) -> 0 | AE13: =IF(COUNTA(SUSUT[24])>0,1,0) -> 0 | AF13: =IF(COUNTA(SUSUT[25])>0,1,0) -> 0 | AG13: =IF(COUNTA(SUSUT[26])>0,1,0) -> 0 | AH13: =IF(COUNTA(SUSUT[27])>0,1,0) -> 0 | AI13: =IF(COUNTA(SUSUT[28])>0,1,0) -> 0 | AJ13: =IF(COUNTA(SUSUT[29])>0,1,0) -> 0 | AK13: =IF(COUNTA(SUSUT[30])>0,1,0) -> 0 | AL13: =IF(COUNTA(SUSUT[31])>0,1,0) -> 0
A14: 11 | B14: TRIAL BAHAN | C14: 31 | D14: =IF(C14=E14,"COMPLETED",IF(E14=0,"BELUM ADA INPUTAN","PROGRESS")) -> PROGRESS | E14: =SUM(H14:U14) -> 4 | F14: {=IFERROR(LOOKUP(2,1/(H14:U14=1),_PERIODE!$B$10:$B$40),0)} -> 14 | G14: =IFERROR(INDEX(_PERIODE!$C$10:$C$40,MATCH(F14,_PERIODE!$B$10:$B$40,0)),"Belum ada") -> 46279 | H14: =IF(COUNTA(TRIAL_BAHAN[1])>0,1,0) -> 1 | I14: =IF(COUNTA(TRIAL_BAHAN[2])>0,1,0) -> 0 | J14: =IF(COUNTA(TRIAL_BAHAN[3])>0,1,0) -> 0 | K14: =IF(COUNTA(TRIAL_BAHAN[4])>0,1,0) -> 0 | L14: =IF(COUNTA(TRIAL_BAHAN[5])>0,1,0) -> 0 | M14: =IF(COUNTA(TRIAL_BAHAN[6])>0,1,0) -> 1 | N14: =IF(COUNTA(TRIAL_BAHAN[7])>0,1,0) -> 0 | O14: =IF(COUNTA(TRIAL_BAHAN[8])>0,1,0) -> 0 | P14: =IF(COUNTA(TRIAL_BAHAN[9])>0,1,0) -> 1 | Q14: =IF(COUNTA(TRIAL_BAHAN[10])>0,1,0) -> 0 | R14: =IF(COUNTA(TRIAL_BAHAN[11])>0,1,0) -> 0 | S14: =IF(COUNTA(TRIAL_BAHAN[12])>0,1,0) -> 0 | T14: =IF(COUNTA(TRIAL_BAHAN[13])>0,1,0) -> 0 | U14: =IF(COUNTA(TRIAL_BAHAN[14])>0,1,0) -> 1 | V14: =IF(COUNTA(TRIAL_BAHAN[15])>0,1,0) -> 0 | W14: =IF(COUNTA(TRIAL_BAHAN[16])>0,1,0) -> 0 | X14: =IF(COUNTA(TRIAL_BAHAN[17])>0,1,0) -> 0 | Y14: =IF(COUNTA(TRIAL_BAHAN[18])>0,1,0) -> 0 | Z14: =IF(COUNTA(TRIAL_BAHAN[19])>0,1,0) -> 0 | AA14: =IF(COUNTA(TRIAL_BAHAN[20])>0,1,0) -> 0 | AB14: =IF(COUNTA(TRIAL_BAHAN[21])>0,1,0) -> 0 | AC14: =IF(COUNTA(TRIAL_BAHAN[22])>0,1,0) -> 0 | AD14: =IF(COUNTA(TRIAL_BAHAN[23])>0,1,0) -> 0 | AE14: =IF(COUNTA(TRIAL_BAHAN[24])>0,1,0) -> 0 | AF14: =IF(COUNTA(TRIAL_BAHAN[25])>0,1,0) -> 0 | AG14: =IF(COUNTA(TRIAL_BAHAN[26])>0,1,0) -> 0 | AH14: =IF(COUNTA(TRIAL_BAHAN[27])>0,1,0) -> 0 | AI14: =IF(COUNTA(TRIAL_BAHAN[28])>0,1,0) -> 0 | AJ14: =IF(COUNTA(TRIAL_BAHAN[29])>0,1,0) -> 0 | AK14: =IF(COUNTA(TRIAL_BAHAN[30])>0,1,0) -> 0 | AL14: =IF(COUNTA(TRIAL_BAHAN[31])>0,1,0) -> 0
A15: 12 | B15: STOK AWAL | C15: 1 | D15: =IF(C15=E15,"COMPLETED",IF(E15=0,"BELUM ADA INPUTAN","PROGRESS")) -> COMPLETED | E15: =SUM(H15:U15) -> 1 | F15: {=IFERROR(LOOKUP(2,1/(H15:U15=1),_PERIODE!$B$10:$B$40),0)} -> 1 | G15: =IFERROR(INDEX(_PERIODE!$C$10:$C$40,MATCH(F15,_PERIODE!$B$10:$B$40,0)),"Belum ada") -> 46266 | H15: =IF(COUNTA(IPT_STOCK_AWAL[STOCK AWAL])>0,1,0) -> 1 | I15: 0 | J15: 0 | K15: 0 | L15: 0 | M15: 0 | N15: 0 | O15: 0 | P15: 0 | Q15: 0 | R15: 0 | S15: 0 | T15: 0 | U15: 0 | V15: 0 | W15: 0 | X15: 0 | Y15: 0 | Z15: 0 | AA15: 0 | AB15: 0 | AC15: 0 | AD15: 0 | AE15: 0 | AF15: 0 | AG15: 0 | AH15: 0 | AI15: 0 | AJ15: 0 | AK15: 0 | AL15: 0
B19: =IF(C19=A19,"COMPLETED",IF(C19=0,"PENDING","IN PROGRESS")) -> COMPLETED

Sheet _PERIODE
B2: SETUP PERIODE - Input sekali di awal bulan
B5: Tanggal Mulai Periode: | C5: 46266 | E5: <- Ganti tanggal ini di awal bulan
B8: TABEL MAPPING HARI -> TANGGAL (auto-generate)
B9: Hari | C9: Tanggal | D9: Hari (nama) | F9: CARA PAKAI:
B10: 1 | C10: =TanggalMulai+B10-1 -> 46266 | D10: =TEXT(C10,"dddd") -> Tuesday | F10: 1. Di awal bulan, ganti tanggal di cell C5
B11: 2 | C11: =TanggalMulai+B11-1 -> 46267 | D11: =TEXT(C11,"dddd") -> Wednesday | F11: Contoh: 01-Aug-2026 untuk bulan Agustus
B12: 3 | C12: =TanggalMulai+B12-1 -> 46268 | D12: =TEXT(C12,"dddd") -> Thursday | F12: 2. Tanggal di kolom C akan auto-update
B13: 4 | C13: =TanggalMulai+B13-1 -> 46269 | D13: =TEXT(C13,"dddd") -> Friday | F13: 3. _TRACKING & DASHBOARD auto-read dari sini
B14: 5 | C14: =TanggalMulai+B14-1 -> 46270 | D14: =TEXT(C14,"dddd") -> Saturday | F14: 4. Jangan ubah kolom B (Hari) atau formula di C
B15: 6 | C15: =TanggalMulai+B15-1 -> 46271 | D15: =TEXT(C15,"dddd") -> Sunday
B16: 7 | C16: =TanggalMulai+B16-1 -> 46272 | D16: =TEXT(C16,"dddd") -> Monday | F16: Tabel ini dipakai oleh:
B17: 8 | C17: =TanggalMulai+B17-1 -> 46273 | D17: =TEXT(C17,"dddd") -> Tuesday | F17: - _TRACKING untuk lookup tanggal terakhir input
B18: 9 | C18: =TanggalMulai+B18-1 -> 46274 | D18: =TEXT(C18,"dddd") -> Wednesday | F18: - DASHBOARD untuk display 'Last Updated'
B19: 10 | C19: =TanggalMulai+B19-1 -> 46275 | D19: =TEXT(C19,"dddd") -> Thursday
B20: 11 | C20: =TanggalMulai+B20-1 -> 46276 | D20: =TEXT(C20,"dddd") -> Friday
B21: 12 | C21: =TanggalMulai+B21-1 -> 46277 | D21: =TEXT(C21,"dddd") -> Saturday
B22: 13 | C22: =TanggalMulai+B22-1 -> 46278 | D22: =TEXT(C22,"dddd") -> Sunday
B23: 14 | C23: =TanggalMulai+B23-1 -> 46279 | D23: =TEXT(C23,"dddd") -> Monday
B24: 15 | C24: =TanggalMulai+B24-1 -> 46280 | D24: =TEXT(C24,"dddd") -> Tuesday
B25: 16 | C25: =TanggalMulai+B25-1 -> 46281 | D25: =TEXT(C25,"dddd") -> Wednesday
B26: 17 | C26: =TanggalMulai+B26-1 -> 46282 | D26: =TEXT(C26,"dddd") -> Thursday
B27: 18 | C27: =TanggalMulai+B27-1 -> 46283 | D27: =TEXT(C27,"dddd") -> Friday
B28: 19 | C28: =TanggalMulai+B28-1 -> 46284 | D28: =TEXT(C28,"dddd") -> Saturday
B29: 20 | C29: =TanggalMulai+B29-1 -> 46285 | D29: =TEXT(C29,"dddd") -> Sunday
B30: 21 | C30: =TanggalMulai+B30-1 -> 46286 | D30: =TEXT(C30,"dddd") -> Monday
... B40: 31 | C40: =TanggalMulai+B40-1 -> 46296 | D40: =TEXT(C40,"dddd") -> Thursday

Sheet INPUT BARANG KELUAR
A1: NAMA BARANG | B1: KODE BARANG | C1: ITEM STOCK OPNAME | D1: SATUAN | E1: Konversi | F1: 1 | G1: 2 | H1: 3 | I1: 4 | J1: 5 | K1: 6 | L1: 7 | M1: 8 | N1: 9 | O1: 10 | P1: 11 | Q1: 12 | R1: 13 | S1: 14 | T1: 15 | U1: 16 | V1: 17 | W1: 18 | X1: 19 | Y1: 20 | Z1: 21 | AA1: 22 | AB1: 23 | AC1: 24 | AD1: 25 | AE1: 26 | AF1: 27 | AG1: 28 | AH1: 29 | AI1: 30 | AJ1: 31
A2: ADONAN GORENG MEKAR | C2: Adonan Goreng Mekar (karton) | D2: karton | E2: 15000
A3: ADONAN GORENG MEKAR | C3: Adonan Goreng Mekar (pack) | D3: pack | E3: 1000 | O3: 69
A4: ADONAN GORENG MEKAR | C4: Adonan Goreng Mekar (gr) | D4: gr | E4: 1
A5: ADONAN GORENG MEKAR | B5: 100434 | C5: ADONAN GORENG MEKAR | D5: GR
A6: AIR MINERAL BOTOL (V.20) | C6: stok air mineral kardus utuh (karton) | D6: karton | E6: 24
A7: AIR MINERAL BOTOL (V.20) | C7: sisa air mineral botol (botol) | D7: botol | E7: 1
A8: AIR MINERAL BOTOL (V.20) | B8: 100210 | C8: AIR MINERAL BOTOL (V.20) | D8: BOTOL
A9: ARANG BAKARAN | C9: Arang Bakaran (karton) | D9: karton | E9: 10000
A10: ARANG BAKARAN | C10: Arang Bakaran (gr) | D10: gr | E10: 1
A11: ARANG BAKARAN | B11: 100351 | C11: ARANG BAKARAN | D11: GR
A12: AYAM KECAP | C12: Ayam Kecap (karton) | D12: karton | E12: 12000
A13: AYAM KECAP | C13: Ayam Kecap (pack) | D13: pack | E13: 1000
A14: AYAM KECAP | C14: Ayam Kecap (gr) | D14: gr | E14: 1
A15: AYAM KECAP | B15: 100386 | C15: AYAM KECAP | D15: GR
A16: BAKSO HALUS | C16: Bakso Halus (karton) | D16: karton | E16: 480
A17: BAKSO HALUS | C17: Bakso Halus (pack) | D17: pack | E17: 40
A18: BAKSO HALUS | C18: Bakso Halus (Pcs) | D18: pcs | E18: 1
A19: BAKSO HALUS | B19: 100389 | C19: BAKSO HALUS | D19: PCS
A20: BAKSO URAT | C20: Bakso Urat (karton) | D20: karton | E20: 480
A21: BAKSO URAT | C21: Bakso Urat (pack) | D21: pack | E21: 40
A22: BAKSO URAT | C22: Bakso Urat (pcs) | D22: pcs | E22: 1
A23: BAKSO URAT | B23: 100388 | C23: BAKSO URAT | D23: PCS
A24: BASIC POWDER | C24: Basic Powder (pack) | D24: pack | E24: 1000
A25: BASIC POWDER | C25: Basic Powder (gr) | D25: gr | E25: 1
A26: BASIC POWDER | B26: 100406 | C26: BASIC POWDER | D26: GR
A27: BASRENG | C27: Basreng (karton) | D27: karton | E27: 150
A28: BASRENG | C28: Basreng (pack) | D28: pack | E28: 15 | O28: 654
A29: BASRENG | C29: Basreng (pcs) | D29: pack | E29: 1
A30: BASRENG | B30: 100390 | C30: BASRENG | D30: PCS
A31: BAWANG MERAH GORENG | C31: Bawang Merah Goreng (karton) | D31: karton | E31: 7500
A32: BAWANG MERAH GORENG | C32: Bawang Merah Goreng (pack) | D32: pack | E32: 500
A33: BAWANG MERAH GORENG | C33: Bawang Merah Goreng (gr) | D33: gr | E33: 1
A34: BAWANG MERAH GORENG | B34: 100340 | C34: BAWANG MERAH GORENG | D34: GR
A35: BAWANG PUTIH GORENG (V.20) | C35: Bawang Putih Goreng (karton) | D35: karton | E35: 7500
A36: BAWANG PUTIH GORENG (V.20) | C36: Bawang Putih Goreng (pack) | D36: pack | E36: 500
A37: BAWANG PUTIH GORENG (V.20) | C37: Bawang Putih Goreng (gr) | D37: gr | E37: 1
A38: BAWANG PUTIH GORENG (V.20) | B38: 100430 | C38: BAWANG PUTIH GORENG (V.20) | D38: GR
A39: BERAS PUTIH | C39: Beras Putih (Karung) | D39: karung | E39: 25000
A40: BERAS PUTIH | C40: Beras Putih (gr) | D40: gr | E40: 1
A41: BERAS PUTIH | B41: 100369 | C41: BERAS PUTIH | D41: GR
A42: BIANG KERING KUAH | C42: Biang Kering Kuah (pack) | D42: pack | E42: 810
A43: BIANG KERING KUAH | C43: Biang Kering Kuah (gr) | D43: gr | E43: 1
A44: BIANG KERING KUAH | B44: 100381 | C44: BIANG KERING KUAH | D44: GR
A45: BLUEBERRY SAUCE | C45: Blueberry Sauce (karton) | D45: karton | E45: 7740
A46: BLUEBERRY SAUCE | C46: Blueberry Sauce (pack) | D46: pack | E46: 1290
A47: BLUEBERRY SAUCE | C47: Blueberry Sauce (gr) | D47: gr | E47: 1
A48: BLUEBERRY SAUCE | B48: 100423 | C48: BLUEBERRY SAUCE | D48: GR
A49: BUBBLEGUM CRUMBLE | C49: Bubblegum Crumble (karton) | D49: karton | E49: 6000
A50: BUBBLEGUM CRUMBLE | C50: Bubblegum Crumble (pack) | D50: pack | E50: 250
A51: BUBBLEGUM CRUMBLE | C51: Bubblegum Crumble (gr) | D51: gr | E51: 1
A52: BUBBLEGUM CRUMBLE | B52: 100422 | C52: BUBBLEGUM CRUMBLE | D52: GR
A53: BUBBLEGUM SAUCE | C53: Bubblegum Sauce (karton) | D53: karton | E53: 12000
A54: BUBBLEGUM SAUCE | C54: Bubblegum Sauce (pack) | D54: pack | E54: 100
A55: BUBBLEGUM SAUCE | C55: Bubblegum Sauce (gr) | D55: gr | E55: 1
A56: BUBBLEGUM SAUCE | B56: 100421 | C56: BUBBLEGUM SAUCE | D56: GR
A57: BUMBU BAKSO BAKAR (V.20) | C57: Bumbu Bakso Bakar (karton) | D57: karton | E57: 21000
A58: BUMBU BAKSO BAKAR (V.20) | C58: Bumbu Bakso Bakar (pack) | D58: pack | E58: 1500 | O58: 91.5
A59: BUMBU BAKSO BAKAR (V.20) | C59: Bumbu Bakso Bakar (gr) | D59: gr | E59: 1000
A60: BUMBU BAKSO BAKAR (V.20) | B60: 100431 | C60: BUMBU BAKSO BAKAR (V.20) | D60: GR
A61: BUMBU PASTA KUAH (V.20) | C61: Bumbu Pasta Kuah (karton) | D61: karton | E61: 14000 | K61: 16
A62: BUMBU PASTA KUAH (V.20) | C62: Bumbu Pasta Kuah (pack) | D62: pack | E62: 1000 | O62: 57
A63: BUMBU PASTA KUAH (V.20) | C63: Bumbu Pasta Kuah (gr) | D63: gr | E63: 1
A64: BUMBU PASTA KUAH (V.20) | B64: 100429 | C64: BUMBU PASTA KUAH (V.20) | D64: GR
A65: CABE RAWIT - RESTO (V.20) | C65: Sisa Cabe Utuh (gr) | D65: gr | E65: 1
A66: CABE RAWIT - RESTO (V.20) | B66: 100219 | C66: CABE RAWIT - RESTO (V.20) | D66: GR
A67: CARAMEL CRUMB | C67: Caramel Crumb utuh (karton) | D67: karton | E67: 1800
A68: CARAMEL CRUMB | C68: Caramel Crumb utuh (botol) | D68: botol | E68: 60
A69: CARAMEL CRUMB | C69: Sisa caramel crumb (gr) | D69: gr | E69: 1
A70: CARAMEL CRUMB | B70: 100313 | C70: CARAMEL CRUMB | D70: GR
A71: CARAMEL SAUCE | C71: Caramel Sauce utuh (karton) | D71: karton | E71: 6000
A72: CARAMEL SAUCE | C72: Caramel Sauce utuh (botol) | D72: botol | E72: 1000
A73: CARAMEL SAUCE | C73: sisa Caramel Sauce (gr) | D73: gr | E73: 0.75142771
A74: CARAMEL SAUCE | B74: 100316 | C74: CARAMEL SAUCE | D74: ML
A75: CHEESECAKE BISKUIT | C75: Cheesecake Biskuit (karton) | D75: karton | E75: 4200
A76: CHEESECAKE BISKUIT | C76: Cheesecake Biskuit (pack) | D76: pack | E76: 35
A77: CHEESECAKE BISKUIT | C77: Cheesecake Biskuit (gr) | D77: gr | E77: 1
A78: CHEESECAKE BISKUIT | B78: 100424 | C78: CHEESECAKE BISKUIT | D78: GR
A79: CUP 16 - BAKSO | C79: Cup 16 - Bakso (karton) | D79: karton | E79: 500
A80: CUP 16 - BAKSO | C80: Cup 16 - Bakso (pack) | D80: pack | E80: 50
A81: CUP 16 - BAKSO | C81: Cup 16 - Bakso (pcs) | D81: pcs | E81: 1
A82: CUP 16 - BAKSO | B82: 100356 | C82: CUP 16 - BAKSO | D82: PCS
A83: CUP SEALER - BAKSO | C83: Cup Sealer - Bakso (pack) | D83: pack | E83: 12
A84: CUP SEALER - BAKSO | C84: Cup Sealer - Bakso (pcs) | D84: pcs | E84: 1
A85: CUP SEALER - BAKSO | B85: 100372 | C85: CUP SEALER - BAKSO | D85: PCS
A86: CUP SEALER BESAR | C86: Cup Selaer Besar (Pcs) | D86: Pcs | E86: 1
A87: CUP SEALER BESAR | B87: 200706 | C87: CUP SEALER BESAR | D87: PCS
A88: CUP SUNDAE - BAKSO | C88: Cup Sundae - Bakso (karton) | D88: karton | E88: 500
A89: CUP SUNDAE - BAKSO | C89: Cup Sundae - Bakso (pack) | D89: pack | E89: 50
A90: CUP SUNDAE - BAKSO | C90: Cup Sundae - Bakso (pcs) | D90: pcs | E90: 1
A91: CUP SUNDAE - BAKSO | B91: 100370 | C91: CUP SUNDAE - BAKSO | D91: PCS
A92: DAUN BAWANG FRESH | C92: Daun Bawang Fresh (kg) | D92: kg | E92: 1000
A93: DAUN BAWANG FRESH | C93: Daun Bawang Fresh (gr) | D93: gr | E93: 1
A94: DAUN BAWANG FRESH | B94: 100352 | C94: DAUN BAWANG FRESH | D94: GR
A95: DIPPING FINNA SACHET (V.20) | C95: sisa dipping finna sachet (karton) | D95: karton | E95: 5400
A96: DIPPING FINNA SACHET (V.20) | C96: sisa dipping finna sachet (pcs) | D96: pcs | E96: 9
A97: DIPPING FINNA SACHET (V.20) | B97: 100228 | C97: DIPPING FINNA SACHET (V.20) | D97: GR
A98: ES TUBE v.20 - EXISTING STORE | C98: Es Tube V.20 - Existing Store (Kg) | D98: Kg | E98: 1
A99: ES TUBE v.20 - EXISTING STORE | B99: 410105 | C99: ES TUBE v.20 - EXISTING STORE | D99: KG
A100: FRUCTOSE SYRUP (V.20) | C100: Fructose Syrup (jurigen) | D100: jurigen | E100: 30000
...

Sheet INPUT PROMIX 04
A1: Menu | B1: 2 | C1: 3 | D1: 4 | E1: 5 | F1: 6 | G1: 7 | H1: 8 | I1: 9 | J1: 10 | K1: 11 | L1: 12 | M1: 13 | N1: 14 | O1: 15 | P1: 16 | Q1: 17 | R1: 18 | S1: 19 | T1: 20 | U1: 21 | V1: 22 | W1: 23 | X1: 24 | Y1: 25 | Z1: 26 | AA1: 27 | AB1: 28 | AC1: 29 | AD1: 30 | AE1: 31 | AF1: 1
A2: |BAKSO BAKAR - DINE IN|
A3: BAKSO BAKAR LV 0 - DINE IN
A4: BAKSO BAKAR LV 2 - DINE IN
A5: BAKSO BAKAR LV 4 - DINE IN
A6: BAKSO BAKAR LV 6 - DINE IN
A8: |BAKSO - DINE IN|
A9: BAKSO SUPER HALUS - DINE IN
A10: BAKSO SUPER URAT - DINE IN
A11: BAKSO SUPER CAMPUR - DINE IN
A13: |BAKSO GORENG - DINE IN|
A14: BASRENG - DINE IN
A16: |BEVERAGES NESTLE - DINE IN|
... A55: CUP 16 - BAKSO

Sheet WASTE DINE IN KARNA HANDLING
A1: Menu | B1: 1 | C1: 2 | D1: 3 | E1: 4 | F1: 5 | G1: 6 | H1: 7 | I1: 8 | J1: 9 | K1: 10 | L1: 11 | M1: 12 | N1: 13 | O1: 14 | P1: 15 | Q1: 16 | R1: 17 | S1: 18 | T1: 19 | U1: 20 | V1: 21 | W1: 22 | X1: 23 | Y1: 24 | Z1: 25 | AA1: 26 | AB1: 27 | AC1: 28 | AD1: 29 | AE1: 30 | AF1: 31
A2: |BAKSO BAKAR - DINE IN|
A3: BAKSO BAKAR LV 0 - DINE IN
A4: BAKSO BAKAR LV 2 - DINE IN
A5: BAKSO BAKAR LV 4 - DINE IN
A6: BAKSO BAKAR LV 6 - DINE IN
A8: |BAKSO - DINE IN|
A9: BAKSO SUPER HALUS - DINE IN
A10: BAKSO SUPER URAT - DINE IN
A11: BAKSO SUPER CAMPUR - DINE IN
A13: |BAKSO GORENG - DINE IN|
A14: BASRENG - DINE IN
A16: |BEVERAGES NESTLE - DINE IN|
... A55: CUP 16 - BAKSO

Sheet WASTE PORSI CANCELNOTA
A1: Menu | B1: 1 | C1: 2 | D1: 3 | E1: 4 | F1: 5 | G1: 6 | H1: 7 | I1: 8 | J1: 9 | K1: 10 | L1: 11 | M1: 12 | N1: 13 | O1: 14 | P1: 15 | Q1: 16 | R1: 17 | S1: 18 | T1: 19 | U1: 20 | V1: 21 | W1: 22 | X1: 23 | Y1: 24 | Z1: 25 | AA1: 26 | AB1: 27 | AC1: 28 | AD1: 29 | AE1: 30 | AF1: 31
A2: |BAKSO BAKAR - DINE IN|
A3: BAKSO BAKAR LV 0 - DINE IN
A4: BAKSO BAKAR LV 2 - DINE IN
A5: BAKSO BAKAR LV 4 - DINE IN
A6: BAKSO BAKAR LV 6 - DINE IN
A8: |BAKSO - DINE IN|
A9: BAKSO SUPER HALUS - DINE IN
A10: BAKSO SUPER URAT - DINE IN
A11: BAKSO SUPER CAMPUR - DINE IN
A13: |BAKSO GORENG - DINE IN|
A14: BASRENG - DINE IN
A16: |BEVERAGES NESTLE - DINE IN|
... A55: CUP 16 - BAKSO

Sheet TRIAL BAHAN
A1: NAMA BARANG | B1: KETERANGAN | C1: SATUAN | D1: KONVERSI | E1: 1 | F1: 2 | G1: 3 | H1: 4 | I1: 5 | J1: 6 | K1: 7 | L1: 8 | M1: 9 | N1: 10 | O1: 11 | P1: 12 | Q1: 13 | R1: 14 | S1: 15 | T1: 16 | U1: 17 | V1: 18 | W1: 19 | X1: 20 | Y1: 21 | Z1: 22 | AA1: 23 | AB1: 24 | AC1: 25 | AD1: 26 | AE1: 27 | AF1: 28 | AG1: 29 | AH1: 30 | AI1: 31
A2: ADONAN GORENG MEKAR | C2: GR | D2: 1 | J2: 1000
A3: AIR MINERAL BOTOL (V.20) | C3: BOTOL | D3: 1 | M3: 1
A4: AYAM KECAP | C4: GR | D4: 1
A5: BAKSO HALUS | C5: PCS | D5: 1
A6: BAKSO URAT | C6: PCS | D6: 1
A7: BASIC POWDER | C7: GR | D7: 1
A8: BASRENG | C8: PCS | D8: 1 | E8: 18
A9: BAWANG MERAH GORENG | C9: GR | D9: 1 | R9: 10
A10: BAWANG PUTIH GORENG (V.20) | C10: GR | D10: 1
A11: BERAS PUTIH | B11: Sisa Nasi dalam Paper Wrap | C11: GR | D11: 0.46666667
A12: BERAS PUTIH | B12: Sisa Nasi dalam Tray | C12: GR | D12: 0.46666667
A13: BIANG KERING KUAH | C13: GR | D13: 1
A14: BLUEBERRY SAUCE | C14: GR | D14: 1
A15: BUBBLEGUM CRUMBLE | C15: GR | D15: 1
A16: BUBBLEGUM SAUCE | C16: GR | D16: 1
A17: BUMBU BAKSO BAKAR (V.20) | C17: GR | D17: 1 | M17: 50
A18: BUMBU BAKSO BAKAR (V.20) | B18: Sisa Bumbu Bakso Bakar Cabe Lv 2 (Gr) | C18: GR | D18: 1
A19: BUMBU BAKSO BAKAR (V.20) | B19: Sisa Bumbu Bakso Bakar Cabe Lv 4 (Gr) | C19: GR | D19: 1
A20: BUMBU BAKSO BAKAR (V.20) | B20: Sisa Bumbu Bakso Bakar Cabe Lv 6 (Gr) | C20: GR | D20: 1
A21: BUMBU PASTA KUAH (V.20) | C21: GR | D21: 1
A22: CABE RAWIT - RESTO (V.20) | C22: GR | D22: 1
A23: CABE RAWIT - RESTO (V.20) | B23: Cabe Giling ada kuah bakso | C23: GR | D23: 1
A24: CARAMEL CRUMB | C24: GR | D24: 1
A25: CARAMEL SAUCE | C25: ML | D25: 1
A26: CHEESECAKE BISKUIT | C26: GR | D26: 1
A27: CUP 16 - BAKSO | C27: PCS | D27: 1
A28: CUP SEALER - BAKSO | C28: PCS | D28: 1
A29: CUP SUNDAE - BAKSO | C29: PCS | D29: 1
A30: DAUN BAWANG FRESH | C30: GR | D30: 1 | R30: 30
A31: FRUCTOSE SYRUP (V.20) | C31: GR | D31: 1
A32: GORENG MEKAR | B32: GORENG MEKAR | C32: PCS | D32: 1 | R32: 8
A33: HAZELNUT CHOCO SAUCE | C33: GR | D33: 1
A34: KECAP BAKSO | C34: GR | D34: 1
A35: KELLOGG’S FROOT LOOPS | C35: GR | D35: 1
A36: KERTAS BAKPAO 10.5 CM (V.20) | C36: PCS | D36: 1
A37: KERTAS MINYAK (V.20) | C37: PACK | D37: 1
A38: KLIP PE 4 X 6 | C38: PCS | D38: 1
A39: KUAH BAKSO | B39: KUAH BAKSO | C39: GR | D39: 1 | M39: 200 | R39: 2000
A40: KULIT PANGSIT GORENG MEKAR | C40: PCS | D40: 1 | J40: 50
A41: KUNAFA TOPPING | C41: GR | D41: 1
A42: MANGO SAUCE | C42: GR | D42: 1
A43: MIE KERING | C43: PCS | D43: 1
A44: MINYAK GORENG - RESTO (v.20) | C44: GR | D44: 1
A45: MINYAK MIE SHALLOT OIL | C45: GR | D45: 1
A46: ORANGE - NESTLE (V.20) | B46: Biang | C46: GR | D46: 0.095
A47: OREO CRUMB (V.20) | C47: GR | D47: 1
A48: PAPER BOWL | C48: PCS | D48: 1 | R48: 10
A49: PAPER BOX - BAKSO | C49: PCS | D49: 1 | R49: 8
A50: PAPER TRAY - BAKSO | C50: PCS | D50: 1
A51: PAPERBOWL LID | C51: PCS | D51: 1
A52: PEANUT TOPPING | C52: GR | D52: 1
A53: PISTACHIO SAUCE | C53: GR | D53: 1
A54: PLASTIK HDPE 15 X 30 | C54: PCS | D54: 1
A55: RED VELVET STRAWBERRY FRANZZI | C55: GR | D55: 1
A56: RICE WRAP | C56: LEMBAR | D56: 1
A57: SAOS TOMAT | C57: GR | D57: 1
A58: SEDOTAN HITAM (V.20) | C58: GR | D58: 1
A59: SENDOK TEH SUNDAE (V.030) | C59: PCS | D59: 1
A60: SOHUN | C60: GR | D60: 1
A61: SOY | C61: GR | D61: 1
... A65: SUNDAE LID - BAKSO | C65: PCS | D65: 1
A66: TAHU BAKSO | C66: PCS | D66: 1 | E66: 20 | R66: 16
A67: TEA GOPEK (V.20) | C67: PCS | D67: 1
A68: TEA NAGA (V.20) | C68: GR | D68: 1
A69: TEH RASA LEMON - NESTLE | B69: Biang | C69: GR | D69: 0.15
A70: THAI CHILI SAUCE | C70: GR | D70: 1
A71: UDANG KEJU FROZEN | C71: PCS | D71: 1
A72: VANILLA SOFT MIX ICE MIX (V.20) | B72: Biang | C72: ML | D72: 0.099255583

Sheet TRIAL PORSI
A1: Menu | B1: 1 | C1: 2 | D1: 3 | E1: 4 | F1: 5 | G1: 6 | H1: 7 | I1: 8 | J1: 9 | K1: 10 | L1: 11 | M1: 12 | N1: 13 | O1: 14 | P1: 15 | Q1: 16 | R1: 17 | S1: 18 | T1: 19 | U1: 20 | V1: 21 | W1: 22 | X1: 23 | Y1: 24 | Z1: 25 | AA1: 26 | AB1: 27 | AC1: 28 | AD1: 29 | AE1: 30 | AF1: 31
A2: |BAKSO BAKAR - DINE IN|
A3: BAKSO BAKAR LV 0 - DINE IN
A4: BAKSO BAKAR LV 2 - DINE IN
A5: BAKSO BAKAR LV 4 - DINE IN
A6: BAKSO BAKAR LV 6 - DINE IN
A8: |BAKSO - DINE IN|
A9: BAKSO SUPER HALUS - DINE IN | O9: 6
A10: BAKSO SUPER URAT - DINE IN | O10: 2
A11: BAKSO SUPER CAMPUR - DINE IN
A13: |BAKSO GORENG - DINE IN|
A14: BASRENG - DINE IN
A16: |BEVERAGES NESTLE - DINE IN|
A17: LEMON TEA ICE - DINE IN - RESTO BAKSO
A18: ORANGE ICE - DINE IN - RESTO BAKSO
A19: TEA ICE - DINE IN - RESTO BAKSO | O19: 5
A21: |BAKSO BAKAR - TAKE AWAY|
A22: BAKSO BAKAR LV 0 - TAKE AWAY | O22: 2
A23: BAKSO BAKAR LV 2 - TAKE AWAY
A24: BAKSO BAKAR LV 4 - TAKE AWAY | J24: 4
A25: BAKSO BAKAR LV 6 - TAKE AWAY
A27: |BAKSO - TAKE AWAY|
A28: BAKSO SUPER HALUS - TAKE AWAY
A29: BAKSO SUPER URAT - TAKE AWAY
A30: BAKSO SUPER CAMPUR - TAKE AWAY
A32: |BAKSO GORENG - TAKE AWAY|
A33: BASRENG - TAKE AWAY
A35: |BEVERAGES NESTLE - TAKE AWAY|
A36: LEMON TEA ICE - TAKE AWAY - RESTO BAKSO
A37: ORANGE ICE - TAKE AWAY - RESTO BAKSO
A38: TEA ICE - TAKE AWAY - RESTO BAKSO
A40: |BEVERAGES - DINE IN/TAKE AWAY|
... A62: CUP 16 - BAKSO

Sheet SUSUT
A1: NAMA BARANG | B1: KETERANGAN | C1: SATUAN | D1: KONVERSI | E1: 1 | F1: 2 | G1: 3 | H1: 4 | I1: 5 | J1: 6 | K1: 7 | L1: 8 | M1: 9 | N1: 10 | O1: 11 | P1: 12 | Q1: 13 | R1: 14 | S1: 15 | T1: 16 | U1: 17 | V1: 18 | W1: 19 | X1: 20 | Y1: 21 | Z1: 22 | AA1: 23 | AB1: 24 | AC1: 25 | AD1: 26 | AE1: 27 | AF1: 28 | AG1: 29 | AH1: 30 | AI1: 31
A2: ADONAN GORENG MEKAR | C2: GR | D2: 1
A3: AIR MINERAL BOTOL (V.20) | C3: BOTOL | D3: 1
A4: AYAM KECAP | C4: GR | D4: 1
A5: BAKSO HALUS | C5: PCS | D5: 1
A6: BAKSO URAT | C6: PCS | D6: 1
A7: BASIC POWDER | C7: GR | D7: 1
A8: BASRENG | C8: PCS | D8: 1
A9: BAWANG MERAH GORENG | C9: GR | D9: 1
A10: BAWANG PUTIH GORENG (V.20) | C10: GR | D10: 1
A11: BERAS PUTIH | B11: Sisa Nasi dalam Paper Wrap | C11: GR | D11: 0.46666667
A12: BERAS PUTIH | B12: Sisa Nasi dalam Tray | C12: GR | D12: 0.46666667
A13: BIANG KERING KUAH | C13: GR | D13: 1
A14: BLUEBERRY SAUCE | C14: GR | D14: 1
A15: BUBBLEGUM CRUMBLE | C15: GR | D15: 1
A16: BUBBLEGUM SAUCE | C16: GR | D16: 1
A17: BUMBU BAKSO BAKAR (V.20) | C17: GR | D17: 1
A18: BUMBU BAKSO BAKAR (V.20) | B18: Sisa Bumbu Bakso Bakar Cabe Lv 2 (Gr) | C18: GR | D18: 1
A19: BUMBU BAKSO BAKAR (V.20) | B19: Sisa Bumbu Bakso Bakar Cabe Lv 4 (Gr) | C19: GR | D19: 1
A20: BUMBU BAKSO BAKAR (V.20) | B20: Sisa Bumbu Bakso Bakar Cabe Lv 6 (Gr) | C20: GR | D20: 1
A21: BUMBU PASTA KUAH (V.20) | C21: GR | D21: 1
A22: CABE RAWIT - RESTO (V.20) | C22: GR | D22: 1
A23: CABE RAWIT - RESTO (V.20) | B23: Cabe Giling ada kuah bakso | C23: GR | D23: 1
A24: CARAMEL CRUMB | C24: GR | D24: 1
A25: CARAMEL SAUCE | C25: ML | D25: 1
A26: CHEESECAKE BISKUIT | C26: GR | D26: 1
A27: CUP 16 - BAKSO | C27: PCS | D27: 1
A28: CUP SEALER - BAKSO | C28: PCS | D28: 1
A29: CUP SUNDAE - BAKSO | C29: PCS | D29: 1
A30: DAUN BAWANG FRESH | C30: GR | D30: 1 | E30: 376 | I30: 274 | K30: 129 | Q30: 199 | R30: =375+87 -> 462
A31: FRUCTOSE SYRUP (V.20) | C31: GR | D31: 1
A32: GORENG MEKAR | B32: GORENG MEKAR | C32: PCS | D32: 1
A33: HAZELNUT CHOCO SAUCE | C33: GR | D33: 1
A34: KECAP BAKSO | C34: GR | D34: 1
A35: KELLOGG’S FROOT LOOPS | C35: GR | D35: 1
A36: KERTAS BAKPAO 10.5 CM (V.20) | C36: PCS | D36: 1
A37: KERTAS MINYAK (V.20) | C37: PACK | D37: 1
A38: KLIP PE 4 X 6 | C38: PCS | D38: 1
A39: KUAH BAKSO | B39: KUAH BAKSO | C39: GR | D39: 1
A40: KULIT PANGSIT GORENG MEKAR | C40: PCS | D40: 1
A41: KUNAFA TOPPING | C41: GR | D41: 1
A42: MANGO SAUCE | C42: GR | D42: 1
A43: MIE KERING | C43: PCS | D43: 1
A44: MINYAK GORENG - RESTO (v.20) | C44: GR | D44: 1
A45: MINYAK MIE SHALLOT OIL | C45: GR | D45: 1
A46: ORANGE - NESTLE (V.20) | B46: Biang | C46: GR | D46: 0.095
A47: OREO CRUMB (V.20) | C47: GR | D47: 1
A48: PAPER BOWL | C48: PCS | D48: 1
A49: PAPER BOX - BAKSO | C49: PCS | D49: 1
A50: PAPER TRAY - BAKSO | C50: PCS | D50: 1
A51: PAPERBOWL LID | C51: PCS | D51: 1
A52: PEANUT TOPPING | C52: GR | D52: 1
A53: PISTACHIO SAUCE | C53: GR | D53: 1
A54: PLASTIK HDPE 15 X 30 | C54: PCS | D54: 1
A55: RED VELVET STRAWBERRY FRANZZI | C55: GR | D55: 1
A56: RICE WRAP | C56: LEMBAR | D56: 1
A57: SAOS TOMAT | C57: GR | D57: 1
A58: SEDOTAN HITAM (V.20) | C58: GR | D58: 1
... A68: TEA NAGA (V.20) | C68: GR | D68: 1
A69: TEH RASA LEMON - NESTLE | B69: Biang | C69: GR | D69: 0.15
A70: THAI CHILI SAUCE | C70: GR | D70: 1
A71: UDANG KEJU FROZEN | C71: PCS | D71: 1
A72: VANILLA SOFT MIX ICE MIX (V.20) | B72: Biang | C72: ML | D72: 0.099255583

Sheet CABE PER RESEP
A1: TANGGAL | B1: KETERANGAN | C1: RESEP 1 | E1: RESEP 2 | G1: RESEP 3 | I1: RESEP 4 | K1: RESEP 5 | M1: RESEP 6 | O1: RESEP 7 | Q1: RESEP 8 | S1: RESEP 9 | U1: RESEP 10 | W1: RESEP 11 | Y1: RESEP 12 | AA1: RESEP 13 | AC1: RESEP 14 | AE1: RESEP 15 | AG1: RESEP 16 | AI1: RESEP 17 | AK1: RESEP 18 | AM1: RESEP 19 | AO1: RESEP 20 | AQ1: RESEP 21 | AS1: RESEP 22 | AU1: RESEP 23 | AW1: RESEP 24 | AY1: RESEP 25 | BA1: RESEP 26 | BC1: RESEP 27 | BE1: RESEP 28 | BG1: RESEP 29 | BI1: RESEP 30 | BK1: RESEP 31 | BM1: RESEP 32 | BO1: RESEP 33 | BQ1: RESEP 34 | BS1: RESEP 35 | BU1: TOTAL | BW1: TOTAL RESEP
C2: FRESH | D2: GILING | E2: FRESH | F2: GILING | G2: FRESH | H2: GILING | I2: FRESH | J2: GILING | K2: FRESH | L2: GILING | M2: FRESH | N2: GILING | O2: FRESH | P2: GILING | Q2: FRESH | R2: GILING | S2: FRESH | T2: GILING | U2: FRESH | V2: GILING | W2: FRESH | X2: GILING | Y2: FRESH | Z2: GILING | AA2: FRESH | AB2: GILING | AC2: FRESH | AD2: GILING | AE2: FRESH | AF2: GILING | AG2: FRESH | AH2: GILING | AI2: FRESH | AJ2: GILING | AK2: FRESH | AL2: GILING | AM2: FRESH | AN2: GILING | AO2: FRESH | AP2: GILING | AQ2: FRESH | AR2: GILING | AS2: FRESH | AT2: GILING | AU2: FRESH | AV2: GILING | AW2: FRESH | AX2: GILING | AY2: FRESH | AZ2: GILING | BA2: FRESH | BB2: GILING | BC2: FRESH | BD2: GILING | BE2: FRESH | BF2: GILING | BG2: FRESH | BH2: GILING | BI2: FRESH | BJ2: GILING | BK2: FRESH | BL2: GILING | BM2: FRESH | BN2: GILING | BO2: FRESH | BP2: GILING | BQ2: FRESH | BR2: GILING | BS2: FRESH | BT2: GILING | BU2: FRESH | BV2: GILING
A3: 1 | B3: ISI DISINI => | BU3: =IF(SUMIF($C$2:$BT$2,"FRESH",C3:BT3)=0,"",SUMIF($C$2:$BT$2,"FRESH",C3:BT3)) | BV3: =IF(SUMIF($C$2:$BT$2,"GILING",C3:BT3)=0,"",SUMIF($C$2:$BT$2,"GILING",C3:BT3))
B4: SUSUT CABE AKTUAL | C4: =IF(AND(C3="",D3=""),0,C3-D3) -> 0 | E4: =IF(AND(E3="",F3=""),0,E3-F3) -> 0 | G4: =IF(AND(G3="",H3=""),0,G3-H3) -> 0 | I4: =IF(AND(I3="",J3=""),0,I3-J3) -> 0 | K4: =IF(AND(K3="",L3=""),0,K3-L3) -> 0 | M4: =IF(AND(M3="",N3=""),0,M3-N3) -> 0 | O4: =IF(AND(O3="",P3=""),0,O3-P3) -> 0 | Q4: =IF(AND(Q3="",R3=""),0,Q3-R3) -> 0 | S4: =IF(AND(S3="",T3=""),0,S3-T3) -> 0 | U4: =IF(AND(U3="",V3=""),0,U3-V3) -> 0 | W4: =IF(AND(W3="",X3=""),0,W3-X3) -> 0 | Y4: =IF(AND(Y3="",Z3=""),0,Y3-Z3) -> 0 | AA4: =IF(AND(AA3="",AB3=""),0,AA3-AB3) -> 0 | AC4: =IF(AND(AC3="",AD3=""),0,AC3-AD3) -> 0 | AE4: =IF(AND(AE3="",AF3=""),0,AE3-AF3) -> 0 | AG4: =IF(AND(AG3="",AH3=""),0,AG3-AH3) -> 0 | AI4: =IF(AND(AI3="",AJ3=""),0,AI3-AJ3) -> 0 | AK4: =IF(AND(AK3="",AL3=""),0,AK3-AL3) -> 0 | AM4: =IF(AND(AM3="",AN3=""),0,AM3-AN3) -> 0 | AO4: =IF(AND(AO3="",AP3=""),0,AO3-AP3) -> 0 | AQ4: =IF(AND(AQ3="",AR3=""),0,AQ3-AR3) -> 0 | AS4: =IF(AND(AS3="",AT3=""),0,AS3-AT3) -> 0 | AU4: =IF(AND(AU3="",AV3=""),0,AU3-AV3) -> 0 | AW4: =IF(AND(AW3="",AX3=""),0,AW3-AX3) -> 0 | AY4: =IF(AND(AY3="",AZ3=""),0,AY3-AZ3) -> 0 | BA4: =IF(AND(BA3="",BB3=""),0,BA3-BB3) -> 0 | BC4: =IF(AND(BC3="",BD3=""),0,BC3-BD3) -> 0 | BE4: =IF(AND(BE3="",BF3=""),0,BE3-BF3) -> 0 | BG4: =IF(AND(BG3="",BH3=""),0,BG3-BH3) -> 0 | BI4: =IF(AND(BI3="",BJ3=""),0,BI3-BJ3) -> 0 | BK4: =IF(AND(BK3="",BL3=""),0,BK3-BL3) -> 0 | BM4: =IF(AND(BM3="",BN3=""),0,BM3-BN3) -> 0 | BO4: =IF(AND(BO3="",BP3=""),0,BO3-BP3) -> 0 | BQ4: =IF(AND(BQ3="",BR3=""),0,BQ3-BR3) -> 0 | BS4: =IF(AND(BS3="",BT3=""),0,BS3-BT3) -> 0 | BU4: =IF(AND(BU3="",BV3=""),"",BU3-BV3) | BW4: =IF(COUNTIF(D4:BT4,">0")=0,"",COUNTIF(D4:BT4,">0"))
B5: SELISIH QTY CABE STANDAR VS AKTUAL | C5: =IF(C4="",0,(D3/89%)-(C3)) -> 0 | E5: =IF(E4="",0,(F3/89%)-(E3)) -> 0 | G5: =IF(G4="",0,(H3/89%)-(G3)) -> 0 | I5: =IF(I4="",0,(J3/89%)-(I3)) -> 0 | K5: =IF(K4="",0,(L3/89%)-(K3)) -> 0 | M5: =IF(M4="",0,(N3/89%)-(M3)) -> 0 | O5: =IF(O4="",0,(P3/89%)-(O3)) -> 0 | Q5: =IF(Q4="",0,(R3/89%)-(Q3)) -> 0 | S5: =IF(S4="",0,(T3/89%)-(S3)) -> 0 | U5: =IF(U4="",0,(V3/89%)-(U3)) -> 0 | W5: =IF(W4="",0,(X3/89%)-(W3)) -> 0 | Y5: =IF(Y4="",0,(Z3/89%)-(Y3)) -> 0 | AA5: =IF(AA4="",0,(AB3/89%)-(AA3)) -> 0 | AC5: =IF(AC4="",0,(AD3/89%)-(AC3)) -> 0 | AE5: =IF(AE4="",0,(AF3/89%)-(AE3)) -> 0 | AG5: =IF(AG4="",0,(AH3/89%)-(AG3)) -> 0 | AI5: =IF(AI4="",0,(AJ3/89%)-(AI3)) -> 0 | AK5: =IF(AK4="",0,(AL3/89%)-(AK3)) -> 0 | AM5: =IF(AM4="",0,(AN3/89%)-(AM3)) -> 0 | AO5: =IF(AO4="",0,(AP3/89%)-(AO3)) -> 0 | AQ5: =IF(AQ4="",0,(AR3/89%)-(AQ3)) -> 0 | AS5: =IF(AS4="",0,(AT3/89%)-(AS3)) -> 0 | AU5: =IF(AU4="",0,(AV3/89%)-(AU3)) -> 0 | AW5: =IF(AW4="",0,(AX3/89%)-(AW3)) -> 0 | AY5: =IF(AY4="",0,(AZ3/89%)-(AY3)) -> 0 | BA5: =IF(BA4="",0,(BB3/89%)-(BA3)) -> 0 | BC5: =IF(BC4="",0,(BD3/89%)-(BC3)) -> 0 | BE5: =IF(BE4="",0,(BF3/89%)-(BE3)) -> 0 | BG5: =IF(BG4="",0,(BH3/89%)-(BG3)) -> 0 | BI5: =IF(BI4="",0,(BJ3/89%)-(BI3)) -> 0 | BK5: =IF(BK4="",0,(BL3/89%)-(BK3)) -> 0 | BM5: =IF(BM4="",0,(BN3/89%)-(BM3)) -> 0 | BO5: =IF(BO4="",0,(BP3/89%)-(BO3)) -> 0 | BQ5: =IF(BQ4="",0,(BR3/89%)-(BQ3)) -> 0 | BS5: =IF(BS4="",0,(BT3/89%)-(BS3)) -> 0 | BU5: =IF(BU4="","",(BV3/89%)-(BU3)) | BW5: =IF(AND(BU3="",BV3=""),"",(BU3-BV3)-BU4)
B6: YIELD STORE (CABE GILING TO FRESH) | C6: =IF(C4=0,"",ABS(IFERROR((C4/C3),0)-1)) | E6: =IF(E4=0,"",ABS(IFERROR((E4/E3),0)-1)) | G6: =IF(G4=0,"",ABS(IFERROR((G4/G3),0)-1)) | I6: =IF(I4=0,"",ABS(IFERROR((I4/I3),0)-1)) | K6: =IF(K4=0,"",ABS(IFERROR((K4/K3),0)-1)) | M6: =IF(M4=0,"",ABS(IFERROR((M4/M3),0)-1)) | O6: =IF(O4=0,"",ABS(IFERROR((O4/O3),0)-1)) | Q6: =IF(Q4=0,"",ABS(IFERROR((Q4/Q3),0)-1)) | S6: =IF(S4=0,"",ABS(IFERROR((S4/S3),0)-1)) | U6: =IF(U4=0,"",ABS(IFERROR((U4/U3),0)-1)) | W6: =IF(W4=0,"",ABS(IFERROR((W4/W3),0)-1)) | Y6: =IF(Y4=0,"",ABS(IFERROR((Y4/Y3),0)-1)) | AA6: =IF(AA4=0,"",ABS(IFERROR((AA4/AA3),0)-1)) | AC6: =IF(AC4=0,"",ABS(IFERROR((AC4/AC3),0)-1)) | AE6: =IF(AE4=0,"",ABS(IFERROR((AE4/AE3),0)-1)) | AG6: =IF(AG4=0,"",ABS(IFERROR((AG4/AG3),0)-1)) | AI6: =IF(AI4=0,"",ABS(IFERROR((AI4/AI3),0)-1)) | AK6: =IF(AK4=0,"",ABS(IFERROR((AK4/AK3),0)-1)) | AM6: =IF(AM4=0,"",ABS(IFERROR((AM4/AM3),0)-1)) | AO6: =IF(AO4=0,"",ABS(IFERROR((AO4/AO3),0)-1)) | AQ6: =IF(AQ4=0,"",ABS(IFERROR((AQ4/AQ3),0)-1)) | AS6: =IF(AS4=0,"",ABS(IFERROR((AS4/AS3),0)-1)) | AU6: =IF(AU4=0,"",ABS(IFERROR((AU4/AU3),0)-1)) | AW6: =IF(AW4=0,"",ABS(IFERROR((AW4/AW3),0)-1)) | AY6: =IF(AY4=0,"",ABS(IFERROR((AY4/AY3),0)-1)) | BA6: =IF(BA4=0,"",ABS(IFERROR((BA4/BA3),0)-1)) | BC6: =IF(BC4=0,"",ABS(IFERROR((BC4/BC3),0)-1)) | BE6: =IF(BE4=0,"",ABS(IFERROR((BE4/BE3),0)-1)) | BG6: =IF(BG4=0,"",ABS(IFERROR((BG4/BG3),0)-1)) | BI6: =IF(BI4=0,"",ABS(IFERROR((BI4/BI3),0)-1)) | BK6: =IF(BK4=0,"",ABS(IFERROR((BK4/BK3),0)-1)) | BM6: =IF(BM4=0,"",ABS(IFERROR((BM4/BM3),0)-1)) | BO6: =IF(BO4=0,"",ABS(IFERROR((BO4/BO3),0)-1)) | BQ6: =IF(BQ4=0,"",ABS(IFERROR((BQ4/BQ3),0)-1)) | BS6: =IF(BS4=0,"",ABS(IFERROR((BS4/BS3),0)-1)) | BU6: =ABS(IFERROR((BU4/BU3),"")-1) -> #VALUE!
B7: KETERANGAN | C7: =IF(C6="","", IF(C6<89%,"OVER STANDART",IF(C6=89%,"GOOD","UNDER STANDART"))) | E7: =IF(E6="","", IF(E6<89%,"OVER STANDART",IF(E6=89%,"GOOD","UNDER STANDART"))) | G7: =IF(G6="","", IF(G6<89%,"OVER STANDART",IF(G6=89%,"GOOD","UNDER STANDART"))) | I7: =IF(I6="","", IF(I6<89%,"OVER STANDART",IF(I6=89%,"GOOD","UNDER STANDART"))) | K7: =IF(K6="","", IF(K6<89%,"OVER STANDART",IF(K6=89%,"GOOD","UNDER STANDART"))) | M7: =IF(M6="","", IF(M6<89%,"OVER STANDART",IF(M6=89%,"GOOD","UNDER STANDART"))) | O7: =IF(O6="","", IF(O6<89%,"OVER STANDART",IF(O6=89%,"GOOD","UNDER STANDART"))) | Q7: =IF(Q6="","", IF(Q6<89%,"OVER STANDART",IF(Q6=89%,"GOOD","UNDER STANDART"))) | S7: =IF(S6="","", IF(S6<89%,"OVER STANDART",IF(S6=89%,"GOOD","UNDER STANDART"))) | U7: =IF(U6="","", IF(U6<89%,"OVER STANDART",IF(U6=89%,"GOOD","UNDER STANDART"))) | W7: =IF(W6="","", IF(W6<89%,"OVER STANDART",IF(W6=89%,"GOOD","UNDER STANDART"))) | Y7: =IF(Y6="","", IF(Y6<89%,"OVER STANDART",IF(Y6=89%,"GOOD","UNDER STANDART"))) | AA7: =IF(AA6="","", IF(AA6<89%,"OVER STANDART",IF(AA6=89%,"GOOD","UNDER STANDART"))) | AC7: =IF(AC6="","", IF(AC6<89%,"OVER STANDART",IF(AC6=89%,"GOOD","UNDER STANDART"))) | AE7: =IF(AE6="","", IF(AE6<89%,"OVER STANDART",IF(AE6=89%,"GOOD","UNDER STANDART"))) | AG7: =IF(AG6="","", IF(AG6<89%,"OVER STANDART",IF(AG6=89%,"GOOD","UNDER STANDART"))) | AI7: =IF(AI6="","", IF(AI6<89%,"OVER STANDART",IF(AI6=89%,"GOOD","UNDER STANDART"))) | AK7: =IF(AK6="","", IF(AK6<89%,"OVER STANDART",IF(AK6=89%,"GOOD","UNDER STANDART"))) | AM7: =IF(AM6="","", IF(AM6<89%,"OVER STANDART",IF(AM6=89%,"GOOD","UNDER STANDART"))) | AO7: =IF(AO6="","", IF(AO6<89%,"OVER STANDART",IF(AO6=89%,"GOOD","UNDER STANDART"))) | AQ7: =IF(AQ6="","", IF(AQ6<89%,"OVER STANDART",IF(AQ6=89%,"GOOD","UNDER STANDART"))) | AS7: =IF(AS6="","", IF(AS6<89%,"OVER STANDART",IF(AS6=89%,"GOOD","UNDER STANDART"))) | AU7: =IF(AU6="","", IF(AU6<89%,"OVER STANDART",IF(AU6=89%,"GOOD","UNDER STANDART"))) | AW7: =IF(AW6="","", IF(AW6<89%,"OVER STANDART",IF(AW6=89%,"GOOD","UNDER STANDART"))) | AY7: =IF(AY6="","", IF(AY6<89%,"OVER STANDART",IF(AY6=89%,"GOOD","UNDER STANDART"))) | BA7: =IF(BA6="","", IF(BA6<89%,"OVER STANDART",IF(BA6=89%,"GOOD","UNDER STANDART"))) | BC7: =IF(BC6="","", IF(BC6<89%,"OVER STANDART",IF(BC6=89%,"GOOD","UNDER STANDART"))) | BE7: =IF(BE6="","", IF(BE6<89%,"OVER STANDART",IF(BE6=89%,"GOOD","UNDER STANDART"))) | BG7: =IF(BG6="","", IF(BG6<89%,"OVER STANDART",IF(BG6=89%,"GOOD","UNDER STANDART"))) | BI7: =IF(BI6="","", IF(BI6<89%,"OVER STANDART",IF(BI6=89%,"GOOD","UNDER STANDART"))) | BK7: =IF(BK6="","", IF(BK6<89%,"OVER STANDART",IF(BK6=89%,"GOOD","UNDER STANDART"))) | BM7: =IF(BM6="","", IF(BM6<89%,"OVER STANDART",IF(BM6=89%,"GOOD","UNDER STANDART"))) | BO7: =IF(BO6="","", IF(BO6<89%,"OVER STANDART",IF(BO6=89%,"GOOD","UNDER STANDART"))) | BQ7: =IF(BQ6="","", IF(BQ6<89%,"OVER STANDART",IF(BQ6=89%,"GOOD","UNDER STANDART"))) | BS7: =IF(BS6="","", IF(BS6<89%,"OVER STANDART",IF(BS6=89%,"GOOD","UNDER STANDART"))) | BU7: =IF(BU6="","", IF(BU6<89%,"OVER STANDART",IF(BU6=89%,"GOOD","UNDER STANDART"))) -> #VALUE!
A8: =A3+1 -> 2 | B8: ISI DISINI => | BU8: =IF(SUMIF($C$2:$BT$2,"FRESH",C8:BT8)=0,"",SUMIF($C$2:$BT$2,"FRESH",C8:BT8)) | BV8: =IF(SUMIF($C$2:$BT$2,"GILING",C8:BT8)=0,"",SUMIF($C$2:$BT$2,"GILING",C8:BT8))
B9: SUSUT CABE AKTUAL | C9: =IF(AND(C8="",D8=""),0,C8-D8) -> 0 | E9: =IF(AND(E8="",F8=""),0,E8-F8) -> 0 | G9: =IF(AND(G8="",H8=""),0,G8-H8) -> 0 | I9: =IF(AND(I8="",J8=""),0,I8-J8) -> 0 | K9: =IF(AND(K8="",L8=""),0,K8-L8) -> 0 | M9: =IF(AND(M8="",N8=""),0,M8-N8) -> 0 | O9: =IF(AND(O8="",P8=""),0,O8-P8) -> 0 | Q9: =IF(AND(Q8="",R8=""),0,Q8-R8) -> 0 | S9: =IF(AND(S8="",T8=""),0,S8-T8) -> 0 | U9: =IF(AND(U8="",V8=""),0,U8-V8) -> 0 | W9: =IF(AND(W8="",X8=""),0,W8-X8) -> 0 | Y9: =IF(AND(Y8="",Z8=""),0,Y8-Z8) -> 0 | AA9: =IF(AND(AA8="",AB8=""),0,AA8-AB8) -> 0 | AC9: =IF(AND(AC8="",AD8=""),0,AC8-AD8) -> 0 | AE9: =IF(AND(AE8="",AF8=""),0,AE8-AF8) -> 0 | AG9: =IF(AND(AG8="",AH8=""),0,AG8-AH8) -> 0 | AI9: =IF(AND(AI8="",AJ8=""),0,AI8-AJ8) -> 0 | AK9: =IF(AND(AK8="",AL8=""),0,AK8-AL8) -> 0 | AM9: =IF(AND(AM8="",AN8=""),0,AM8-AN8) -> 0 | AO9: =IF(AND(AO8="",AP8=""),0,AO8-AP8) -> 0 | AQ9: =IF(AND(AQ8="",AR8=""),0,AQ8-AR8) -> 0 | AS9: =IF(AND(AS8="",AT8=""),0,AS8-AT8) -> 0 | AU9: =IF(AND(AU8="",AV8=""),0,AU8-AV8) -> 0 | AW9: =IF(AND(AW8="",AX8=""),0,AW8-AX8) -> 0 | AY9: =IF(AND(AY8="",AZ8=""),0,AY8-AZ8) -> 0 | BA9: =IF(AND(BA8="",BB8=""),0,BA8-BB8) -> 0 | BC9: =IF(AND(BC8="",BD8=""),0,BC8-BD8) -> 0 | BE9: =IF(AND(BE8="",BF8=""),0,BE8-BF8) -> 0 | BG9: =IF(AND(BG8="",BH8=""),0,BG8-BH8) -> 0 | BI9: =IF(AND(BI8="",BJ8=""),0,BI8-BJ8) -> 0 | BK9: =IF(AND(BK8="",BL8=""),0,BK8-BL8) -> 0 | BM9: =IF(AND(BM8="",BN8=""),0,BM8-BN8) -> 0 | BO9: =IF(AND(BO8="",BP8=""),0,BO8-BP8) -> 0 | BQ9: =IF(AND(BQ8="",BR8=""),0,BQ8-BR8) -> 0 | BS9: =IF(AND(BS8="",BT8=""),0,BS8-BT8) -> 0 | BU9: =IF(AND(BU8="",BV8=""),"",BU8-BV8) | BW9: =IF(COUNTIF(D9:BT9,">0")=0,"",COUNTIF(D9:BT9,">0"))
B10: SELISIH QTY CABE STANDAR VS AKTUAL | C10: =IF(C9="",0,(D8/89%)-(C8)) -> 0 | E10: =IF(E9="",0,(F8/89%)-(E8)) -> 0 | G10: =IF(G9="",0,(H8/89%)-(G8)) -> 0 | I10: =IF(I9="",0,(J8/89%)-(I8)) -> 0 | K10: =IF(K9="",0,(L8/89%)-(K8)) -> 0 | M10: =IF(M9="",0,(N8/89%)-(M8)) -> 0 | O10: =IF(O9="",0,(P8/89%)-(O8)) -> 0 | Q10: =IF(Q9="",0,(R8/89%)-(Q8)) -> 0 | S10: =IF(S9="",0,(T8/89%)-(S8)) -> 0 | U10: =IF(U9="",0,(V8/89%)-(U8)) -> 0 | W10: =IF(W9="",0,(X8/89%)-(W8)) -> 0 | Y10: =IF(Y9="",0,(Z8/89%)-(Y8)) -> 0 | AA10: =IF(AA9="",0,(AB8/89%)-(AA8)) -> 0 | AC10: =IF(AC9="",0,(AD8/89%)-(AC8)) -> 0 | AE10: =IF(AE9="",0,(AF8/89%)-(AE8)) -> 0 | AG10: =IF(AG9="",0,(AH8/89%)-(AG8)) -> 0 | AI10: =IF(AI9="",0,(AJ8/89%)-(AI8)) -> 0 | AK10: =IF(AK9="",0,(AL8/89%)-(AK8)) -> 0 | AM10: =IF(AM9="",0,(AN8/89%)-(AM8)) -> 0 | AO10: =IF(AO9="",0,(AP8/89%)-(AO8)) -> 0 | AQ10: =IF(AQ9="",0,(AR8/89%)-(AQ8)) -> 0 | AS10: =IF(AS9="",0,(AT8/89%)-(AS8)) -> 0 | AU10: =IF(AU9="",0,(AV8/89%)-(AU8)) -> 0 | AW10: =IF(AW9="",0,(AX8/89%)-(AW8)) -> 0 | AY10: =IF(AY9="",0,(AZ8/89%)-(AY8)) -> 0 | BA10: =IF(BA9="",0,(BB8/89%)-(BA8)) -> 0 | BC10: =IF(BC9="",0,(BD8/89%)-(BC8)) -> 0 | BE10: =IF(BE9="",0,(BF8/89%)-(BE8)) -> 0 | BG10: =IF(BG9="",0,(BH8/89%)-(BG8)) -> 0 | BI10: =IF(BI9="",0,(BJ8/89%)-(BI8)) -> 0 | BK10: =IF(BK9="",0,(BL8/89%)-(BK8)) -> 0 | BM10: =IF(BM9="",0,(BN8/89%)-(BM8)) -> 0 | BO10: =IF(BO9="",0,(BP8/89%)-(BO8)) -> 0 | BQ10: =IF(BQ9="",0,(BR8/89%)-(BQ8)) -> 0 | BS10: =IF(BS9="",0,(BT8/89%)-(BS8)) -> 0 | BU10: =IF(BU9="","",(BV8/89%)-(BU8)) | BW10: =IF(AND(BU8="",BV8=""),"",(BU8-BV8)-BU9)
B11: YIELD STORE (CABE GILING TO FRESH) | C11: =IF(C9=0,"",ABS(IFERROR((C9/C8),0)-1)) | E11: =IF(E9=0,"",ABS(IFERROR((E9/E8),0)-1)) | G11: =IF(G9=0,"",ABS(IFERROR((G9/G8),0)-1)) | I11: =IF(I9=0,"",ABS(IFERROR((I9/I8),0)-1)) | K11: =IF(K9=0,"",ABS(IFERROR((K9/K8),0)-1)) | M11: =IF(M9=0,"",ABS(IFERROR((M9/M8),0)-1)) | O11: =IF(O9=0,"",ABS(IFERROR((O9/O8),0)-1)) | Q11: =IF(Q9=0,"",ABS(IFERROR((Q9/Q8),0)-1)) | S11: =IF(S9=0,"",ABS(IFERROR((S9/S8),0)-1)) | U11: =IF(U9=0,"",ABS(IFERROR((U9/U8),0)-1)) | W11: =IF(W9=0,"",ABS(IFERROR((W9/W8),0)-1)) | Y11: =IF(Y9=0,"",ABS(IFERROR((Y9/Y8),0)-1)) | AA11: =IF(AA9=0,"",ABS(IFERROR((AA9/AA8),0)-1)) | AC11: =IF(AC9=0,"",ABS(IFERROR((AC9/AC8),0)-1)) | AE11: =IF(AE9=0,"",ABS(IFERROR((AE9/AE8),0)-1)) | AG11: =IF(AG9=0,"",ABS(IFERROR((AG9/AG8),0)-1)) | AI11: =IF(AI9=0,"",ABS(IFERROR((AI9/AI8),0)-1)) | AK11: =IF(AK9=0,"",ABS(IFERROR((AK9/AK8),0)-1)) | AM11: =IF(AM9=0,"",ABS(IFERROR((AM9/AM8),0)-1)) | AO11: =IF(AO9=0,"",ABS(IFERROR((AO9/AO8),0)-1)) | AQ11: =IF(AQ9=0,"",ABS(IFERROR((AQ9/AQ8),0)-1)) | AS11: =IF(AS9=0,"",ABS(IFERROR((AS9/AS8),0)-1)) | AU11: =IF(AU9=0,"",ABS(IFERROR((AU9/AU8),0)-1)) | AW11: =IF(AW9=0,"",ABS(IFERROR((AW9/AW8),0)-1)) | AY11: =IF(AY9=0,"",ABS(IFERROR((AY9/AY8),0)-1)) | BA11: =IF(BA9=0,"",ABS(IFERROR((BA9/BA8),0)-1)) | BC11: =IF(BC9=0,"",ABS(IFERROR((BC9/BC8),0)-1)) | BE11: =IF(BE9=0,"",ABS(IFERROR((BE9/BE8),0)-1)) | BG11: =IF(BG9=0,"",ABS(IFERROR((BG9/BG8),0)-1)) | BI11: =IF(BI9=0,"",ABS(IFERROR((BI9/BI8),0)-1)) | BK11: =IF(BK9=0,"",ABS(IFERROR((BK9/BK8),0)-1)) | BM11: =IF(BM9=0,"",ABS(IFERROR((BM9/BM8),0)-1)) | BO11: =IF(BO9=0,"",ABS(IFERROR((BO9/BO8),0)-1)) | BQ11: =IF(BQ9=0,"",ABS(IFERROR((BQ9/BQ8),0)-1)) | BS11: =IF(BS9=0,"",ABS(IFERROR((BS9/BS8),0)-1)) | BU11: =ABS(IFERROR((BU9/BU8),"")-1) -> #VALUE!
